shot_id_number,is_goal
1.0,0.0
8.0,0.0
20.0,0.0
22.0,0.0
33.0,0.0
35.0,0.0
36.0,0.0
37.0,1.0
38.0,0.0
45.0,0.0
50.0,0.0
55.0,1.0
60.0,0.0
62.0,0.0
66.0,0.0
67.0,0.0
71.0,0.0
72.0,0.0
76.0,1.0
80.0,0.0
85.0,1.0
86.0,1.0
87.0,0.0
92.0,0.0
95.0,1.0
104.0,0.0
113.0,1.0
122.0,0.0
123.0,0.0
126.0,0.0
133.0,0.0
134.0,1.0
141.0,1.0
144.0,1.0
150.0,1.0
152.0,1.0
153.0,0.0
156.0,0.0
165.0,1.0
172.0,0.0
182.0,0.0
192.0,1.0
193.0,0.0
196.0,1.0
202.0,0.0
205.0,0.0
210.0,0.0
211.0,1.0
257.0,0.0
260.0,0.0
262.0,1.0
264.0,1.0
267.0,1.0
279.0,0.0
282.0,1.0
293.0,1.0
299.0,0.0
300.0,0.0
301.0,0.0
317.0,0.0
327.0,0.0
328.0,1.0
335.0,1.0
346.0,1.0
348.0,0.0
360.0,1.0
365.0,0.0
382.0,0.0
390.0,1.0
391.0,0.0
392.0,1.0
397.0,0.0
417.0,1.0
418.0,0.0
420.0,0.0
428.0,0.0
429.0,1.0
434.0,0.0
440.0,1.0
451.0,1.0
456.0,0.0
459.0,0.0
472.0,1.0
480.0,1.0
491.0,1.0
497.0,0.0
509.0,0.0
511.0,0.0
523.0,0.0
533.0,1.0
544.0,1.0
546.0,0.0
552.0,1.0
558.0,0.0
560.0,1.0
568.0,1.0
571.0,0.0
573.0,0.0
576.0,1.0
578.0,0.0
591.0,1.0
596.0,1.0
597.0,1.0
601.0,1.0
605.0,0.0
617.0,1.0
625.0,0.0
628.0,0.0
634.0,1.0
646.0,0.0
649.0,1.0
651.0,1.0
654.0,0.0
656.0,1.0
657.0,1.0
661.0,0.0
669.0,0.0
670.0,0.0
693.0,0.0
694.0,0.0
699.0,1.0
711.0,0.0
715.0,0.0
718.0,0.0
722.0,0.0
723.0,1.0
725.0,0.0
734.0,1.0
735.0,1.0
737.0,1.0
746.0,0.0
747.0,1.0
764.0,0.0
766.0,0.0
767.0,1.0
771.0,0.0
773.0,0.0
774.0,1.0
783.0,0.0
784.0,0.0
789.0,1.0
792.0,1.0
804.0,0.0
809.0,0.0
812.0,1.0
813.0,0.0
817.0,1.0
818.0,0.0
820.0,0.0
825.0,1.0
826.0,1.0
829.0,0.0
833.0,1.0
855.0,0.0
859.0,0.0
862.0,1.0
876.0,0.0
880.0,0.0
886.0,1.0
889.0,1.0
891.0,0.0
897.0,1.0
902.0,0.0
903.0,1.0
908.0,0.0
909.0,1.0
920.0,0.0
922.0,1.0
924.0,1.0
932.0,0.0
934.0,0.0
937.0,0.0
938.0,0.0
941.0,1.0
943.0,0.0
950.0,1.0
952.0,1.0
954.0,1.0
962.0,1.0
963.0,0.0
975.0,0.0
979.0,0.0
981.0,1.0
983.0,0.0
985.0,0.0
989.0,0.0
995.0,0.0
998.0,1.0
1008.0,1.0
1019.0,0.0
1023.0,1.0
1026.0,1.0
1029.0,1.0
1034.0,0.0
1036.0,0.0
1038.0,1.0
1039.0,0.0
1044.0,0.0
1049.0,0.0
1051.0,0.0
1062.0,1.0
1064.0,1.0
1066.0,0.0
1087.0,1.0
1092.0,1.0
1094.0,0.0
1098.0,1.0
1099.0,0.0
1102.0,0.0
1103.0,1.0
1118.0,1.0
1131.0,0.0
1133.0,0.0
1135.0,1.0
1138.0,0.0
1139.0,0.0
1141.0,1.0
1151.0,0.0
1152.0,1.0
1155.0,0.0
1157.0,0.0
1165.0,1.0
1167.0,0.0
1172.0,0.0
1174.0,1.0
1178.0,1.0
1180.0,0.0
1200.0,1.0
1202.0,0.0
1209.0,1.0
1227.0,0.0
1228.0,1.0
1229.0,0.0
1237.0,1.0
1256.0,0.0
1277.0,0.0
1279.0,1.0
1288.0,0.0
1290.0,0.0
1293.0,1.0
1295.0,0.0
1308.0,1.0
1315.0,0.0
1319.0,0.0
1320.0,0.0
1321.0,0.0
1322.0,1.0
1331.0,1.0
1334.0,1.0
1343.0,0.0
1348.0,1.0
1349.0,0.0
1351.0,1.0
1373.0,0.0
1375.0,1.0
1380.0,0.0
1382.0,0.0
1385.0,1.0
1387.0,0.0
1394.0,0.0
1399.0,0.0
1403.0,1.0
1409.0,1.0
1413.0,0.0
1425.0,1.0
1428.0,0.0
1434.0,1.0
1444.0,1.0
1448.0,0.0
1461.0,0.0
1466.0,0.0
1476.0,1.0
1478.0,1.0
1485.0,0.0
1491.0,1.0
1494.0,1.0
1495.0,0.0
1500.0,0.0
1501.0,0.0
1503.0,0.0
1519.0,0.0
1524.0,1.0
1529.0,1.0
1533.0,1.0
1538.0,0.0
1539.0,1.0
1545.0,0.0
1546.0,0.0
1555.0,1.0
1556.0,1.0
1558.0,1.0
1559.0,0.0
1561.0,0.0
1563.0,1.0
1565.0,0.0
1574.0,0.0
1581.0,1.0
1583.0,0.0
1591.0,1.0
1594.0,1.0
1605.0,0.0
1611.0,1.0
1614.0,1.0
1617.0,0.0
1620.0,0.0
1626.0,0.0
1628.0,1.0
1630.0,0.0
1632.0,0.0
1634.0,1.0
1643.0,0.0
1651.0,1.0
1654.0,1.0
1655.0,0.0
1658.0,0.0
1659.0,1.0
1665.0,0.0
1675.0,1.0
1690.0,0.0
1696.0,0.0
1714.0,1.0
1718.0,0.0
1721.0,1.0
1726.0,0.0
1728.0,1.0
1734.0,0.0
1735.0,1.0
1740.0,0.0
1744.0,0.0
1747.0,1.0
1752.0,0.0
1764.0,1.0
1765.0,1.0
1769.0,0.0
1770.0,0.0
1785.0,1.0
1787.0,0.0
1788.0,1.0
1793.0,0.0
1794.0,0.0
1800.0,0.0
1812.0,1.0
1826.0,1.0
1834.0,0.0
1843.0,0.0
1844.0,1.0
1848.0,1.0
1849.0,0.0
1860.0,1.0
1863.0,0.0
1875.0,1.0
1890.0,0.0
1892.0,1.0
1893.0,1.0
1897.0,0.0
1905.0,0.0
1908.0,0.0
1931.0,0.0
1940.0,1.0
1943.0,0.0
1947.0,0.0
1965.0,0.0
1967.0,1.0
1968.0,1.0
1972.0,1.0
1982.0,0.0
1985.0,1.0
2005.0,0.0
2010.0,1.0
2021.0,0.0
2024.0,1.0
2028.0,0.0
2035.0,0.0
2036.0,1.0
2043.0,1.0
2047.0,0.0
2049.0,1.0
2055.0,0.0
2065.0,0.0
2066.0,1.0
2070.0,0.0
2077.0,0.0
2081.0,1.0
2089.0,1.0
2095.0,1.0
2097.0,1.0
2100.0,0.0
2108.0,0.0
2112.0,0.0
2113.0,0.0
2120.0,1.0
2121.0,0.0
2139.0,1.0
2141.0,1.0
2144.0,0.0
2146.0,0.0
2148.0,0.0
2149.0,1.0
2157.0,0.0
2158.0,1.0
2159.0,0.0
2168.0,1.0
2176.0,1.0
2178.0,0.0
2181.0,0.0
2184.0,1.0
2187.0,1.0
2188.0,0.0
2190.0,0.0
2193.0,1.0
2194.0,0.0
2197.0,1.0
2202.0,0.0
2204.0,1.0
2211.0,1.0
2214.0,1.0
2215.0,0.0
2217.0,0.0
2222.0,1.0
2223.0,0.0
2226.0,1.0
2230.0,0.0
2233.0,0.0
2240.0,0.0
2246.0,0.0
2247.0,0.0
2250.0,0.0
2254.0,0.0
2257.0,1.0
2259.0,1.0
2262.0,1.0
2263.0,1.0
2266.0,0.0
2305.0,1.0
2310.0,0.0
2313.0,1.0
2319.0,0.0
2320.0,0.0
2341.0,1.0
2345.0,0.0
2350.0,1.0
2356.0,0.0
2360.0,1.0
2374.0,0.0
2384.0,0.0
2386.0,0.0
2397.0,1.0
2398.0,1.0
2411.0,1.0
2414.0,1.0
2435.0,1.0
2439.0,0.0
2446.0,0.0
2458.0,0.0
2465.0,0.0
2466.0,1.0
2470.0,0.0
2490.0,1.0
2507.0,0.0
2533.0,1.0
2537.0,0.0
2538.0,1.0
2541.0,1.0
2542.0,1.0
2544.0,0.0
2554.0,0.0
2555.0,0.0
2565.0,0.0
2572.0,1.0
2575.0,0.0
2586.0,0.0
2594.0,0.0
2617.0,1.0
2618.0,1.0
2620.0,0.0
2623.0,1.0
2631.0,1.0
2640.0,1.0
2642.0,1.0
2647.0,1.0
2663.0,1.0
2664.0,0.0
2676.0,0.0
2680.0,0.0
2681.0,1.0
2690.0,0.0
2691.0,0.0
2693.0,0.0
2704.0,0.0
2708.0,1.0
2709.0,0.0
2717.0,1.0
2718.0,0.0
2722.0,1.0
2728.0,0.0
2732.0,0.0
2743.0,1.0
2745.0,0.0
2752.0,0.0
2756.0,0.0
2757.0,1.0
2761.0,1.0
2769.0,1.0
2771.0,0.0
2773.0,1.0
2774.0,0.0
2776.0,1.0
2781.0,0.0
2799.0,0.0
2800.0,1.0
2803.0,1.0
2811.0,0.0
2818.0,0.0
2824.0,1.0
2828.0,0.0
2829.0,1.0
2830.0,1.0
2842.0,0.0
2847.0,1.0
2848.0,0.0
2868.0,1.0
2870.0,0.0
2885.0,0.0
2886.0,1.0
2889.0,0.0
2902.0,1.0
2903.0,0.0
2904.0,1.0
2918.0,0.0
2922.0,1.0
2923.0,1.0
2931.0,1.0
2945.0,0.0
2946.0,0.0
2955.0,1.0
2957.0,0.0
2960.0,0.0
2963.0,0.0
2966.0,0.0
2972.0,0.0
2973.0,1.0
2974.0,1.0
2981.0,0.0
2982.0,1.0
2984.0,0.0
2998.0,0.0
3016.0,1.0
3021.0,0.0
3023.0,1.0
3025.0,1.0
3029.0,0.0
3034.0,1.0
3038.0,0.0
3040.0,0.0
3051.0,0.0
3062.0,0.0
3069.0,0.0
3071.0,1.0
3076.0,1.0
3081.0,1.0
3084.0,0.0
3091.0,1.0
3095.0,1.0
3098.0,0.0
3104.0,0.0
3105.0,1.0
3108.0,0.0
3114.0,1.0
3118.0,0.0
3122.0,0.0
3123.0,1.0
3132.0,0.0
3138.0,1.0
3141.0,1.0
3156.0,0.0
3162.0,0.0
3167.0,1.0
3170.0,1.0
3171.0,1.0
3172.0,0.0
3176.0,0.0
3180.0,0.0
3189.0,1.0
3193.0,1.0
3198.0,0.0
3203.0,1.0
3205.0,1.0
3206.0,0.0
3215.0,0.0
3217.0,0.0
3222.0,0.0
3228.0,0.0
3229.0,1.0
3232.0,1.0
3233.0,1.0
3235.0,0.0
3238.0,0.0
3264.0,0.0
3265.0,0.0
3273.0,0.0
3275.0,1.0
3285.0,1.0
3289.0,1.0
3294.0,0.0
3306.0,0.0
3311.0,0.0
3315.0,0.0
3318.0,0.0
3322.0,1.0
3324.0,0.0
3327.0,0.0
3334.0,1.0
3341.0,1.0
3345.0,0.0
3346.0,0.0
3352.0,1.0
3368.0,0.0
3369.0,1.0
3372.0,1.0
3375.0,1.0
3384.0,0.0
3386.0,1.0
3387.0,0.0
3393.0,0.0
3406.0,1.0
3411.0,1.0
3412.0,0.0
3414.0,1.0
3417.0,0.0
3420.0,1.0
3423.0,0.0
3436.0,0.0
3437.0,0.0
3438.0,0.0
3442.0,1.0
3446.0,1.0
3451.0,1.0
3461.0,0.0
3473.0,1.0
3477.0,0.0
3489.0,1.0
3491.0,0.0
3510.0,0.0
3515.0,1.0
3527.0,0.0
3530.0,1.0
3533.0,1.0
3540.0,0.0
3545.0,0.0
3553.0,1.0
3569.0,0.0
3604.0,1.0
3605.0,0.0
3609.0,0.0
3616.0,1.0
3624.0,0.0
3628.0,1.0
3630.0,0.0
3641.0,0.0
3642.0,1.0
3648.0,0.0
3650.0,1.0
3651.0,1.0
3652.0,0.0
3660.0,0.0
3664.0,1.0
3670.0,0.0
3672.0,0.0
3680.0,1.0
3682.0,1.0
3685.0,0.0
3686.0,0.0
3689.0,1.0
3691.0,1.0
3698.0,0.0
3705.0,0.0
3712.0,1.0
3713.0,0.0
3719.0,1.0
3721.0,0.0
3723.0,1.0
3724.0,0.0
3725.0,0.0
3727.0,1.0
3733.0,0.0
3734.0,1.0
3736.0,1.0
3742.0,0.0
3761.0,0.0
3765.0,1.0
3770.0,0.0
3774.0,1.0
3777.0,0.0
3778.0,0.0
3780.0,1.0
3781.0,0.0
3783.0,1.0
3784.0,1.0
3788.0,0.0
3790.0,1.0
3794.0,0.0
3795.0,1.0
3796.0,1.0
3801.0,0.0
3802.0,0.0
3806.0,0.0
3808.0,0.0
3814.0,0.0
3818.0,0.0
3824.0,0.0
3836.0,0.0
3853.0,0.0
3855.0,1.0
3858.0,0.0
3861.0,1.0
3866.0,1.0
3869.0,1.0
3870.0,0.0
3874.0,1.0
3876.0,1.0
3878.0,1.0
3884.0,0.0
3900.0,0.0
3904.0,1.0
3906.0,0.0
3907.0,1.0
3908.0,1.0
3912.0,0.0
3913.0,0.0
3914.0,0.0
3918.0,1.0
3923.0,0.0
3924.0,1.0
3925.0,0.0
3927.0,1.0
3955.0,0.0
3964.0,1.0
3966.0,0.0
3969.0,1.0
3974.0,0.0
3976.0,0.0
3984.0,1.0
3991.0,0.0
3993.0,1.0
4011.0,1.0
4016.0,1.0
4020.0,0.0
4024.0,0.0
4033.0,1.0
4035.0,0.0
4041.0,0.0
4045.0,1.0
4052.0,0.0
4055.0,1.0
4056.0,0.0
4057.0,1.0
4067.0,0.0
4069.0,0.0
4077.0,1.0
4079.0,0.0
4094.0,1.0
4095.0,0.0
4096.0,1.0
4119.0,1.0
4129.0,0.0
4130.0,0.0
4131.0,0.0
4132.0,1.0
4134.0,0.0
4135.0,1.0
4136.0,0.0
4138.0,1.0
4143.0,0.0
4145.0,1.0
4148.0,1.0
4156.0,0.0
4163.0,0.0
4166.0,1.0
4169.0,0.0
4170.0,0.0
4174.0,1.0
4180.0,1.0
4190.0,0.0
4195.0,1.0
4201.0,0.0
4203.0,0.0
4210.0,1.0
4211.0,0.0
4213.0,1.0
4235.0,0.0
4236.0,1.0
4242.0,1.0
4244.0,1.0
4245.0,0.0
4250.0,1.0
4252.0,1.0
4254.0,0.0
4264.0,0.0
4268.0,0.0
4270.0,0.0
4274.0,1.0
4282.0,1.0
4283.0,1.0
4291.0,1.0
4304.0,0.0
4306.0,1.0
4309.0,1.0
4310.0,1.0
4313.0,1.0
4314.0,1.0
4315.0,1.0
4321.0,1.0
4324.0,0.0
4325.0,1.0
4328.0,0.0
4329.0,0.0
4332.0,1.0
4337.0,0.0
4342.0,0.0
4344.0,1.0
4352.0,1.0
4355.0,1.0
4361.0,0.0
4366.0,0.0
4371.0,0.0
4372.0,1.0
4376.0,0.0
4381.0,0.0
4384.0,0.0
4387.0,1.0
4389.0,1.0
4390.0,0.0
4405.0,0.0
4406.0,0.0
4407.0,0.0
4409.0,0.0
4410.0,0.0
4413.0,0.0
4424.0,0.0
4428.0,1.0
4434.0,0.0
4452.0,0.0
4460.0,0.0
4461.0,0.0
4470.0,0.0
4480.0,1.0
4496.0,1.0
4503.0,0.0
4507.0,1.0
4512.0,0.0
4518.0,0.0
4519.0,0.0
4522.0,1.0
4525.0,1.0
4537.0,0.0
4546.0,1.0
4547.0,0.0
4553.0,0.0
4556.0,1.0
4558.0,0.0
4563.0,1.0
4568.0,0.0
4574.0,1.0
4578.0,1.0
4587.0,0.0
4592.0,1.0
4594.0,0.0
4610.0,0.0
4615.0,1.0
4617.0,1.0
4619.0,1.0
4620.0,0.0
4625.0,0.0
4626.0,0.0
4635.0,1.0
4636.0,1.0
4641.0,0.0
4647.0,0.0
4650.0,0.0
4653.0,1.0
4658.0,0.0
4660.0,0.0
4668.0,1.0
4669.0,1.0
4674.0,0.0
4675.0,0.0
4676.0,1.0
4679.0,0.0
4680.0,1.0
4686.0,0.0
4690.0,1.0
4699.0,0.0
4711.0,1.0
4713.0,0.0
4718.0,0.0
4721.0,1.0
4722.0,1.0
4724.0,0.0
4730.0,1.0
4731.0,0.0
4733.0,1.0
4735.0,0.0
4739.0,0.0
4743.0,0.0
4745.0,1.0
4746.0,0.0
4747.0,1.0
4748.0,0.0
4761.0,1.0
4762.0,0.0
4763.0,1.0
4769.0,0.0
4771.0,1.0
4774.0,1.0
4784.0,0.0
4797.0,1.0
4804.0,0.0
4820.0,0.0
4833.0,0.0
4834.0,1.0
4859.0,1.0
4860.0,1.0
4873.0,0.0
4881.0,0.0
4892.0,0.0
4897.0,1.0
4908.0,0.0
4911.0,0.0
4915.0,0.0
4922.0,1.0
4929.0,0.0
4936.0,1.0
4939.0,1.0
4948.0,0.0
4951.0,1.0
4956.0,0.0
4961.0,1.0
4964.0,0.0
4981.0,1.0
4991.0,1.0
4992.0,0.0
4997.0,0.0
5004.0,0.0
5010.0,1.0
5012.0,0.0
5015.0,1.0
5019.0,0.0
5020.0,1.0
5021.0,0.0
5030.0,0.0
5051.0,1.0
5052.0,0.0
5057.0,0.0
5058.0,1.0
5060.0,1.0
5061.0,0.0
5064.0,0.0
5068.0,1.0
5072.0,1.0
5078.0,0.0
5080.0,1.0
5086.0,0.0
5089.0,1.0
5090.0,0.0
5098.0,0.0
5103.0,1.0
5108.0,0.0
5114.0,0.0
5115.0,0.0
5124.0,1.0
5129.0,0.0
5137.0,1.0
5139.0,0.0
5142.0,1.0
5144.0,1.0
5149.0,1.0
5157.0,0.0
5163.0,0.0
5174.0,0.0
5176.0,0.0
5179.0,1.0
5186.0,1.0
5195.0,0.0
5199.0,1.0
5203.0,0.0
5204.0,1.0
5206.0,0.0
5207.0,0.0
5220.0,1.0
5221.0,1.0
5224.0,0.0
5227.0,1.0
5229.0,0.0
5240.0,0.0
5242.0,1.0
5243.0,0.0
5245.0,1.0
5248.0,0.0
5254.0,0.0
5265.0,0.0
5269.0,0.0
5272.0,1.0
5276.0,1.0
5286.0,0.0
5288.0,0.0
5290.0,1.0
5308.0,0.0
5311.0,1.0
5316.0,0.0
5318.0,1.0
5319.0,1.0
5320.0,0.0
5324.0,1.0
5331.0,1.0
5336.0,0.0
5344.0,0.0
5346.0,1.0
5354.0,1.0
5356.0,0.0
5358.0,0.0
5359.0,1.0
5361.0,0.0
5365.0,1.0
5370.0,1.0
5376.0,1.0
5383.0,0.0
5384.0,1.0
5385.0,0.0
5390.0,0.0
5393.0,0.0
5397.0,0.0
5398.0,1.0
5402.0,0.0
5407.0,1.0
5424.0,0.0
5425.0,0.0
5428.0,1.0
5430.0,1.0
5439.0,0.0
5442.0,1.0
5447.0,0.0
5470.0,0.0
5473.0,1.0
5477.0,0.0
5485.0,1.0
5488.0,0.0
5491.0,0.0
5493.0,0.0
5504.0,1.0
5506.0,1.0
5514.0,1.0
5517.0,0.0
5522.0,0.0
5524.0,1.0
5527.0,0.0
5528.0,1.0
5536.0,0.0
5545.0,0.0
5576.0,1.0
5577.0,0.0
5582.0,0.0
5583.0,1.0
5592.0,1.0
5594.0,0.0
5595.0,0.0
5596.0,1.0
5599.0,0.0
5606.0,1.0
5617.0,1.0
5619.0,0.0
5625.0,0.0
5626.0,1.0
5627.0,1.0
5637.0,1.0
5639.0,1.0
5642.0,0.0
5654.0,1.0
5659.0,0.0
5664.0,0.0
5666.0,1.0
5670.0,0.0
5671.0,0.0
5674.0,1.0
5677.0,0.0
5681.0,0.0
5683.0,0.0
5700.0,1.0
5710.0,0.0
5713.0,1.0
5715.0,1.0
5718.0,0.0
5720.0,1.0
5726.0,1.0
5738.0,0.0
5741.0,0.0
5743.0,1.0
5753.0,1.0
5761.0,0.0
5776.0,0.0
5780.0,0.0
5785.0,0.0
5789.0,1.0
5797.0,0.0
5798.0,1.0
5810.0,0.0
5813.0,1.0
5817.0,0.0
5818.0,1.0
5822.0,0.0
5829.0,1.0
5845.0,1.0
5846.0,0.0
5847.0,0.0
5854.0,1.0
5858.0,0.0
5863.0,0.0
5867.0,0.0
5869.0,1.0
5872.0,1.0
5876.0,0.0
5881.0,0.0
5886.0,1.0
5891.0,0.0
5898.0,0.0
5901.0,1.0
5914.0,1.0
5922.0,0.0
5928.0,0.0
5933.0,1.0
5934.0,1.0
5946.0,0.0
5951.0,0.0
5955.0,0.0
5956.0,1.0
5965.0,1.0
5968.0,0.0
5972.0,0.0
5978.0,0.0
5981.0,1.0
5997.0,1.0
6005.0,1.0
6009.0,0.0
6010.0,0.0
6015.0,0.0
6025.0,1.0
6039.0,1.0
6047.0,0.0
6051.0,1.0
6056.0,1.0
6064.0,0.0
6065.0,0.0
6070.0,0.0
6071.0,1.0
6079.0,0.0
6085.0,1.0
6091.0,1.0
6097.0,0.0
6099.0,0.0
6104.0,1.0
6106.0,0.0
6108.0,0.0
6109.0,0.0
6124.0,0.0
6140.0,1.0
6142.0,1.0
6150.0,1.0
6154.0,0.0
6155.0,0.0
6158.0,0.0
6159.0,1.0
6160.0,0.0
6166.0,1.0
6169.0,1.0
6170.0,1.0
6173.0,1.0
6175.0,0.0
6179.0,1.0
6184.0,0.0
6185.0,0.0
6186.0,1.0
6192.0,0.0
6204.0,1.0
6231.0,0.0
6232.0,0.0
6235.0,1.0
6237.0,1.0
6239.0,0.0
6245.0,0.0
6263.0,1.0
6265.0,0.0
6270.0,0.0
6271.0,0.0
6278.0,1.0
6279.0,1.0
6287.0,0.0
6288.0,0.0
6294.0,0.0
6295.0,1.0
6302.0,0.0
6306.0,1.0
6322.0,1.0
6324.0,0.0
6327.0,0.0
6331.0,1.0
6334.0,1.0
6336.0,0.0
6339.0,0.0
6362.0,0.0
6372.0,1.0
6374.0,1.0
6375.0,1.0
6390.0,0.0
6393.0,0.0
6394.0,0.0
6405.0,1.0
6406.0,0.0
6421.0,0.0
6422.0,1.0
6440.0,1.0
6446.0,0.0
6457.0,0.0
6460.0,1.0
6463.0,0.0
6474.0,1.0
6476.0,1.0
6477.0,0.0
6482.0,0.0
6488.0,0.0
6489.0,1.0
6494.0,1.0
6495.0,0.0
6499.0,0.0
6505.0,1.0
6511.0,0.0
6524.0,0.0
6527.0,1.0
6531.0,0.0
6536.0,0.0
6538.0,1.0
6541.0,1.0
6542.0,0.0
6550.0,1.0
6565.0,0.0
6568.0,1.0
6584.0,1.0
6588.0,1.0
6593.0,1.0
6597.0,0.0
6603.0,0.0
6609.0,0.0
6611.0,0.0
6613.0,0.0
6616.0,1.0
6622.0,0.0
6627.0,1.0
6630.0,0.0
6637.0,1.0
6639.0,1.0
6640.0,0.0
6646.0,0.0
6647.0,1.0
6648.0,1.0
6655.0,0.0
6669.0,1.0
6681.0,0.0
6684.0,0.0
6693.0,0.0
6694.0,1.0
6704.0,0.0
6706.0,1.0
6710.0,0.0
6713.0,0.0
6718.0,1.0
6732.0,0.0
6739.0,0.0
6742.0,0.0
6746.0,1.0
6753.0,1.0
6771.0,1.0
6784.0,0.0
6790.0,1.0
6795.0,1.0
6796.0,0.0
6805.0,0.0
6807.0,0.0
6808.0,0.0
6818.0,0.0
6823.0,1.0
6830.0,1.0
6831.0,1.0
6832.0,1.0
6836.0,1.0
6850.0,1.0
6854.0,0.0
6868.0,0.0
6876.0,0.0
6877.0,0.0
6881.0,0.0
6882.0,0.0
6884.0,1.0
6886.0,0.0
6901.0,1.0
6903.0,0.0
6908.0,1.0
6913.0,0.0
6914.0,0.0
6918.0,1.0
6930.0,1.0
6941.0,1.0
6944.0,1.0
6945.0,0.0
6947.0,1.0
6949.0,0.0
6952.0,0.0
6963.0,0.0
6964.0,1.0
6966.0,0.0
6972.0,0.0
6979.0,1.0
6981.0,0.0
6988.0,0.0
6990.0,1.0
6998.0,1.0
7004.0,0.0
7005.0,1.0
7011.0,0.0
7016.0,1.0
7020.0,0.0
7027.0,1.0
7042.0,0.0
7056.0,1.0
7061.0,0.0
7069.0,0.0
7071.0,1.0
7082.0,0.0
7088.0,1.0
7095.0,0.0
7098.0,1.0
7099.0,1.0
7108.0,0.0
7121.0,0.0
7125.0,0.0
7136.0,1.0
7149.0,0.0
7150.0,1.0
7156.0,1.0
7167.0,0.0
7177.0,0.0
7178.0,1.0
7183.0,0.0
7186.0,0.0
7190.0,1.0
7192.0,1.0
7198.0,0.0
7201.0,1.0
7202.0,0.0
7205.0,0.0
7213.0,1.0
7224.0,0.0
7225.0,0.0
7227.0,1.0
7233.0,0.0
7236.0,1.0
7237.0,0.0
7239.0,0.0
7246.0,1.0
7248.0,1.0
7261.0,0.0
7264.0,0.0
7266.0,1.0
7274.0,1.0
7278.0,0.0
7279.0,1.0
7293.0,0.0
7297.0,1.0
7313.0,0.0
7315.0,1.0
7322.0,1.0
7323.0,0.0
7326.0,0.0
7334.0,1.0
7341.0,0.0
7359.0,1.0
7363.0,0.0
7365.0,1.0
7371.0,0.0
7377.0,0.0
7383.0,0.0
7390.0,1.0
7393.0,1.0
7398.0,0.0
7405.0,1.0
7410.0,0.0
7415.0,1.0
7434.0,1.0
7435.0,1.0
7438.0,0.0
7447.0,0.0
7449.0,0.0
7450.0,0.0
7452.0,1.0
7453.0,0.0
7455.0,1.0
7456.0,0.0
7457.0,1.0
7460.0,0.0
7466.0,1.0
7470.0,0.0
7474.0,1.0
7482.0,0.0
7487.0,0.0
7488.0,1.0
7492.0,0.0
7496.0,0.0
7500.0,0.0
7501.0,0.0
7505.0,1.0
7509.0,0.0
7510.0,0.0
7512.0,1.0
7519.0,0.0
7526.0,1.0
7531.0,1.0
7533.0,1.0
7536.0,0.0
7538.0,0.0
7539.0,1.0
7541.0,0.0
7544.0,1.0
7554.0,0.0
7556.0,0.0
7563.0,1.0
7566.0,1.0
7580.0,1.0
7581.0,0.0
7584.0,1.0
7587.0,1.0
7589.0,0.0
7594.0,0.0
7597.0,1.0
7599.0,1.0
7602.0,1.0
7603.0,0.0
7605.0,0.0
7609.0,0.0
7613.0,0.0
7619.0,1.0
7625.0,0.0
7626.0,1.0
7636.0,0.0
7638.0,0.0
7639.0,1.0
7641.0,0.0
7643.0,1.0
7644.0,0.0
7661.0,1.0
7666.0,0.0
7673.0,0.0
7683.0,1.0
7685.0,1.0
7697.0,0.0
7699.0,0.0
7704.0,1.0
7705.0,0.0
7708.0,1.0
7728.0,0.0
7733.0,0.0
7741.0,1.0
7743.0,0.0
7745.0,1.0
7751.0,0.0
7752.0,0.0
7754.0,0.0
7756.0,1.0
7757.0,1.0
7770.0,0.0
7773.0,0.0
7774.0,0.0
7776.0,0.0
7777.0,1.0
7778.0,1.0
7781.0,0.0
7784.0,1.0
7789.0,1.0
7794.0,0.0
7799.0,0.0
7801.0,0.0
7818.0,1.0
7823.0,1.0
7828.0,1.0
7832.0,0.0
7851.0,1.0
7856.0,0.0
7868.0,1.0
7869.0,0.0
7872.0,1.0
7873.0,0.0
7874.0,0.0
7878.0,0.0
7881.0,1.0
7888.0,1.0
7902.0,0.0
7913.0,1.0
7922.0,0.0
7923.0,0.0
7925.0,0.0
7926.0,1.0
7935.0,1.0
7938.0,0.0
7942.0,0.0
7945.0,1.0
7950.0,1.0
7954.0,0.0
7959.0,0.0
7963.0,1.0
7969.0,0.0
7970.0,1.0
7973.0,0.0
7977.0,1.0
7981.0,0.0
7990.0,0.0
8013.0,1.0
8020.0,1.0
8023.0,0.0
8025.0,1.0
8034.0,0.0
8039.0,1.0
8046.0,1.0
8051.0,1.0
8055.0,1.0
8060.0,0.0
8063.0,0.0
8064.0,1.0
8073.0,1.0
8074.0,1.0
8076.0,0.0
8077.0,0.0
8080.0,0.0
8082.0,0.0
8088.0,1.0
8102.0,0.0
8103.0,0.0
8104.0,0.0
8105.0,1.0
8109.0,0.0
8115.0,0.0
8121.0,1.0
8126.0,0.0
8127.0,0.0
8135.0,0.0
8152.0,1.0
8153.0,1.0
8156.0,0.0
8160.0,1.0
8161.0,0.0
8162.0,0.0
8171.0,1.0
8181.0,1.0
8183.0,1.0
8185.0,0.0
8192.0,1.0
8200.0,0.0
8203.0,1.0
8204.0,0.0
8207.0,1.0
8208.0,0.0
8209.0,0.0
8210.0,1.0
8215.0,0.0
8217.0,1.0
8225.0,0.0
8226.0,1.0
8231.0,0.0
8233.0,0.0
8244.0,1.0
8249.0,1.0
8250.0,0.0
8258.0,0.0
8261.0,0.0
8265.0,0.0
8269.0,1.0
8278.0,0.0
8279.0,1.0
8280.0,0.0
8296.0,0.0
8299.0,1.0
8300.0,1.0
8301.0,1.0
8305.0,0.0
8327.0,0.0
8334.0,1.0
8340.0,0.0
8349.0,0.0
8361.0,1.0
8362.0,0.0
8364.0,1.0
8365.0,0.0
8375.0,1.0
8378.0,0.0
8380.0,0.0
8381.0,1.0
8387.0,0.0
8399.0,1.0
8402.0,1.0
8409.0,0.0
8427.0,0.0
8429.0,1.0
8433.0,1.0
8436.0,0.0
8442.0,0.0
8448.0,0.0
8451.0,0.0
8462.0,0.0
8464.0,1.0
8469.0,1.0
8474.0,1.0
8478.0,0.0
8482.0,1.0
8488.0,1.0
8490.0,0.0
8495.0,0.0
8498.0,1.0
8506.0,1.0
8510.0,1.0
8511.0,1.0
8527.0,0.0
8532.0,0.0
8533.0,1.0
8538.0,0.0
8541.0,1.0
8545.0,1.0
8553.0,0.0
8554.0,0.0
8559.0,0.0
8569.0,0.0
8586.0,0.0
8593.0,1.0
8600.0,1.0
8606.0,0.0
8607.0,0.0
8609.0,1.0
8611.0,1.0
8613.0,0.0
8618.0,0.0
8624.0,0.0
8630.0,1.0
8634.0,0.0
8637.0,0.0
8650.0,1.0
8652.0,1.0
8655.0,0.0
8661.0,0.0
8669.0,1.0
8673.0,0.0
8674.0,0.0
8678.0,0.0
8682.0,1.0
8688.0,0.0
8689.0,0.0
8695.0,1.0
8698.0,1.0
8703.0,0.0
8709.0,1.0
8716.0,1.0
8723.0,0.0
8737.0,1.0
8743.0,0.0
8745.0,1.0
8747.0,0.0
8752.0,1.0
8753.0,0.0
8771.0,0.0
8773.0,1.0
8774.0,1.0
8778.0,1.0
8786.0,0.0
8794.0,0.0
8795.0,0.0
8796.0,1.0
8800.0,0.0
8801.0,0.0
8804.0,0.0
8808.0,1.0
8809.0,1.0
8812.0,1.0
8817.0,0.0
8818.0,1.0
8825.0,1.0
8830.0,0.0
8831.0,0.0
8833.0,1.0
8834.0,0.0
8836.0,0.0
8837.0,1.0
8844.0,0.0
8849.0,1.0
8851.0,0.0
8861.0,1.0
8864.0,0.0
8865.0,0.0
8867.0,0.0
8873.0,0.0
8875.0,1.0
8880.0,1.0
8884.0,1.0
8888.0,0.0
8889.0,0.0
8891.0,1.0
8893.0,0.0
8897.0,1.0
8903.0,1.0
8905.0,0.0
8910.0,0.0
8918.0,1.0
8939.0,0.0
8941.0,1.0
8944.0,1.0
8949.0,1.0
8950.0,0.0
8958.0,0.0
8967.0,0.0
8973.0,1.0
8975.0,0.0
8979.0,0.0
8980.0,1.0
8991.0,1.0
8995.0,0.0
8996.0,0.0
8998.0,0.0
9000.0,1.0
9001.0,1.0
9002.0,0.0
9006.0,1.0
9013.0,0.0
9024.0,0.0
9026.0,1.0
9027.0,0.0
9034.0,1.0
9037.0,0.0
9038.0,0.0
9044.0,1.0
9050.0,0.0
9052.0,1.0
9054.0,0.0
9073.0,0.0
9078.0,1.0
9088.0,1.0
9097.0,1.0
9109.0,1.0
9112.0,0.0
9115.0,1.0
9125.0,0.0
9128.0,1.0
9132.0,0.0
9136.0,0.0
9139.0,0.0
9140.0,1.0
9142.0,0.0
9143.0,0.0
9147.0,0.0
9154.0,1.0
9158.0,1.0
9159.0,0.0
9165.0,1.0
9172.0,0.0
9176.0,1.0
9177.0,0.0
9178.0,1.0
9179.0,0.0
9185.0,0.0
9189.0,1.0
9196.0,0.0
9199.0,0.0
9201.0,1.0
9202.0,1.0
9209.0,0.0
9210.0,0.0
9212.0,1.0
9214.0,1.0
9240.0,0.0
9241.0,1.0
9244.0,0.0
9246.0,0.0
9249.0,1.0
9250.0,1.0
9252.0,1.0
9255.0,1.0
9258.0,1.0
9263.0,0.0
9266.0,0.0
9269.0,1.0
9272.0,1.0
9276.0,1.0
9284.0,0.0
9290.0,1.0
9299.0,0.0
9303.0,0.0
9310.0,1.0
9311.0,0.0
9314.0,1.0
9315.0,0.0
9325.0,1.0
9328.0,1.0
9329.0,1.0
9332.0,0.0
9337.0,0.0
9353.0,0.0
9354.0,0.0
9355.0,0.0
9356.0,0.0
9362.0,0.0
9364.0,0.0
9366.0,0.0
9377.0,1.0
9382.0,0.0
9387.0,1.0
9388.0,0.0
9396.0,1.0
9400.0,0.0
9406.0,0.0
9407.0,1.0
9411.0,1.0
9416.0,1.0
9417.0,0.0
9423.0,1.0
9425.0,0.0
9426.0,0.0
9427.0,0.0
9429.0,0.0
9430.0,1.0
9434.0,1.0
9442.0,1.0
9448.0,1.0
9458.0,1.0
9476.0,0.0
9481.0,1.0
9483.0,1.0
9484.0,0.0
9486.0,0.0
9487.0,0.0
9488.0,1.0
9490.0,0.0
9502.0,1.0
9505.0,1.0
9509.0,0.0
9515.0,0.0
9516.0,0.0
9531.0,0.0
9532.0,0.0
9536.0,0.0
9539.0,1.0
9542.0,1.0
9549.0,0.0
9550.0,1.0
9551.0,0.0
9553.0,1.0
9554.0,0.0
9561.0,1.0
9564.0,1.0
9566.0,1.0
9571.0,0.0
9577.0,1.0
9584.0,1.0
9592.0,1.0
9596.0,1.0
9602.0,0.0
9603.0,1.0
9604.0,0.0
9608.0,1.0
9609.0,0.0
9613.0,1.0
9623.0,0.0
9630.0,0.0
9633.0,0.0
9647.0,0.0
9648.0,1.0
9655.0,0.0
9657.0,0.0
9665.0,0.0
9666.0,0.0
9668.0,1.0
9670.0,0.0
9677.0,0.0
9679.0,1.0
9693.0,1.0
9718.0,0.0
9720.0,1.0
9744.0,1.0
9745.0,1.0
9746.0,0.0
9753.0,0.0
9758.0,1.0
9759.0,1.0
9763.0,0.0
9766.0,0.0
9767.0,0.0
9777.0,0.0
9781.0,0.0
9783.0,1.0
9790.0,1.0
9799.0,0.0
9802.0,0.0
9803.0,0.0
9805.0,1.0
9807.0,0.0
9812.0,0.0
9818.0,0.0
9822.0,1.0
9824.0,1.0
9834.0,1.0
9846.0,1.0
9847.0,0.0
9864.0,0.0
9867.0,0.0
9869.0,1.0
9875.0,0.0
9880.0,0.0
9885.0,0.0
9889.0,0.0
9894.0,1.0
9901.0,1.0
9909.0,1.0
9915.0,0.0
9919.0,1.0
9920.0,0.0
9933.0,0.0
9940.0,1.0
9948.0,1.0
9956.0,0.0
9958.0,1.0
9959.0,0.0
9962.0,1.0
9967.0,0.0
9973.0,1.0
9976.0,0.0
9978.0,0.0
9982.0,1.0
9987.0,1.0
9988.0,0.0
9989.0,0.0
9992.0,1.0
9994.0,1.0
10000.0,0.0
10002.0,0.0
10005.0,1.0
10008.0,0.0
10009.0,1.0
10011.0,0.0
10021.0,0.0
10022.0,0.0
10053.0,1.0
10058.0,1.0
10066.0,1.0
10074.0,1.0
10076.0,0.0
10090.0,1.0
10092.0,0.0
10098.0,0.0
10099.0,0.0
10102.0,1.0
10103.0,0.0
10104.0,0.0
10106.0,0.0
10108.0,1.0
10113.0,1.0
10117.0,1.0
10119.0,0.0
10122.0,0.0
10125.0,1.0
10140.0,1.0
10147.0,0.0
10155.0,1.0
10159.0,0.0
10164.0,0.0
10175.0,0.0
10176.0,0.0
10178.0,1.0
10186.0,1.0
10200.0,0.0
10204.0,1.0
10206.0,0.0
10211.0,1.0
10212.0,0.0
10217.0,0.0
10218.0,1.0
10220.0,1.0
10230.0,0.0
10233.0,1.0
10234.0,1.0
10235.0,0.0
10239.0,1.0
10240.0,0.0
10242.0,0.0
10243.0,0.0
10245.0,1.0
10246.0,0.0
10247.0,0.0
10250.0,1.0
10254.0,1.0
10257.0,1.0
10260.0,1.0
10261.0,1.0
10265.0,0.0
10274.0,0.0
10276.0,0.0
10277.0,0.0
10289.0,1.0
10290.0,0.0
10298.0,0.0
10301.0,1.0
10304.0,0.0
10305.0,1.0
10311.0,0.0
10320.0,1.0
10323.0,0.0
10326.0,0.0
10328.0,1.0
10332.0,1.0
10336.0,0.0
10343.0,0.0
10348.0,1.0
10350.0,1.0
10351.0,0.0
10354.0,1.0
10365.0,0.0
10372.0,0.0
10373.0,1.0
10377.0,0.0
10380.0,1.0
10383.0,0.0
10396.0,0.0
10397.0,1.0
10399.0,0.0
10400.0,1.0
10401.0,0.0
10402.0,1.0
10410.0,0.0
10412.0,1.0
10415.0,0.0
10424.0,1.0
10428.0,0.0
10432.0,0.0
10443.0,1.0
10462.0,1.0
10477.0,0.0
10479.0,0.0
10484.0,1.0
10490.0,1.0
10493.0,0.0
10497.0,0.0
10516.0,0.0
10521.0,1.0
10522.0,0.0
10523.0,1.0
10528.0,1.0
10530.0,1.0
10532.0,0.0
10533.0,1.0
10535.0,0.0
10543.0,0.0
10547.0,0.0
10552.0,0.0
10558.0,1.0
10564.0,0.0
10566.0,0.0
10571.0,1.0
10572.0,1.0
10574.0,1.0
10583.0,1.0
10600.0,1.0
10607.0,1.0
10614.0,0.0
10630.0,0.0
10634.0,0.0
10635.0,0.0
10641.0,1.0
10643.0,0.0
10644.0,1.0
10647.0,0.0
10648.0,0.0
10661.0,0.0
10669.0,1.0
10675.0,1.0
10686.0,0.0
10704.0,0.0
10707.0,1.0
10709.0,0.0
10710.0,1.0
10722.0,0.0
10736.0,1.0
10738.0,0.0
10764.0,0.0
10767.0,1.0
10776.0,1.0
10779.0,0.0
10780.0,0.0
10781.0,0.0
10792.0,1.0
10797.0,1.0
10798.0,0.0
10801.0,1.0
10802.0,0.0
10805.0,0.0
10808.0,1.0
10810.0,1.0
10816.0,0.0
10817.0,0.0
10818.0,1.0
10829.0,1.0
10843.0,0.0
10858.0,0.0
10866.0,0.0
10874.0,1.0
10876.0,1.0
10887.0,0.0
10890.0,0.0
10891.0,0.0
10896.0,1.0
10900.0,0.0
10905.0,1.0
10907.0,0.0
10914.0,1.0
10917.0,1.0
10936.0,0.0
10947.0,0.0
10948.0,1.0
10951.0,1.0
10955.0,1.0
10969.0,0.0
10984.0,0.0
10987.0,0.0
10990.0,1.0
10992.0,0.0
10996.0,0.0
10999.0,1.0
11000.0,1.0
11001.0,1.0
11010.0,1.0
11016.0,0.0
11018.0,0.0
11024.0,0.0
11034.0,0.0
11039.0,1.0
11041.0,0.0
11047.0,1.0
11048.0,1.0
11053.0,0.0
11055.0,0.0
11056.0,1.0
11063.0,0.0
11065.0,1.0
11068.0,0.0
11070.0,1.0
11071.0,0.0
11072.0,1.0
11077.0,0.0
11079.0,0.0
11086.0,1.0
11091.0,0.0
11093.0,1.0
11094.0,0.0
11112.0,1.0
11113.0,0.0
11128.0,1.0
11135.0,0.0
11153.0,0.0
11154.0,0.0
11160.0,0.0
11163.0,1.0
11179.0,1.0
11181.0,0.0
11206.0,0.0
11207.0,1.0
11216.0,0.0
11221.0,1.0
11223.0,1.0
11228.0,0.0
11235.0,1.0
11237.0,1.0
11239.0,1.0
11244.0,0.0
11256.0,0.0
11267.0,0.0
11272.0,1.0
11281.0,1.0
11285.0,0.0
11288.0,0.0
11291.0,1.0
11293.0,1.0
11296.0,0.0
11297.0,0.0
11298.0,0.0
11299.0,1.0
11301.0,0.0
11304.0,1.0
11309.0,1.0
11313.0,0.0
11331.0,1.0
11332.0,0.0
11337.0,0.0
11343.0,1.0
11347.0,0.0
11348.0,1.0
11355.0,0.0
11368.0,1.0
11369.0,0.0
11378.0,0.0
11380.0,1.0
11384.0,0.0
11387.0,1.0
11392.0,0.0
11393.0,1.0
11399.0,0.0
11403.0,0.0
11404.0,0.0
11412.0,1.0
11423.0,1.0
11429.0,1.0
11430.0,0.0
11431.0,0.0
11432.0,0.0
11444.0,1.0
11450.0,1.0
11451.0,1.0
11476.0,1.0
11485.0,0.0
11488.0,0.0
11493.0,0.0
11495.0,0.0
11505.0,1.0
11508.0,1.0
11518.0,0.0
11522.0,1.0
11524.0,0.0
11533.0,1.0
11549.0,1.0
11551.0,0.0
11560.0,1.0
11563.0,1.0
11565.0,1.0
11567.0,0.0
11569.0,0.0
11589.0,0.0
11591.0,1.0
11598.0,1.0
11603.0,0.0
11604.0,0.0
11611.0,0.0
11617.0,0.0
11626.0,1.0
11627.0,1.0
11636.0,0.0
11642.0,0.0
11643.0,1.0
11648.0,1.0
11651.0,1.0
11663.0,0.0
11666.0,0.0
11685.0,0.0
11686.0,1.0
11698.0,0.0
11699.0,0.0
11700.0,1.0
11708.0,1.0
11710.0,0.0
11711.0,1.0
11713.0,1.0
11718.0,0.0
11724.0,1.0
11736.0,0.0
11742.0,1.0
11761.0,0.0
11767.0,0.0
11768.0,1.0
11775.0,0.0
11779.0,0.0
11786.0,1.0
11790.0,0.0
11791.0,1.0
11796.0,0.0
11806.0,1.0
11808.0,0.0
11810.0,1.0
11811.0,0.0
11814.0,1.0
11816.0,1.0
11820.0,0.0
11822.0,0.0
11829.0,0.0
11832.0,0.0
11834.0,1.0
11836.0,1.0
11837.0,0.0
11844.0,1.0
11847.0,1.0
11862.0,0.0
11864.0,0.0
11865.0,1.0
11872.0,0.0
11873.0,0.0
11886.0,1.0
11894.0,0.0
11900.0,0.0
11901.0,1.0
11905.0,0.0
11906.0,1.0
11907.0,0.0
11912.0,1.0
11914.0,1.0
11915.0,1.0
11918.0,1.0
11924.0,0.0
11929.0,1.0
11930.0,0.0
11936.0,0.0
11937.0,0.0
11948.0,1.0
11954.0,0.0
11957.0,0.0
11964.0,1.0
11968.0,0.0
11972.0,0.0
11974.0,1.0
11976.0,0.0
11981.0,1.0
11989.0,0.0
11991.0,1.0
11998.0,0.0
12003.0,1.0
12007.0,1.0
12014.0,0.0
12024.0,1.0
12033.0,0.0
12034.0,0.0
12041.0,1.0
12046.0,1.0
12056.0,0.0
12069.0,0.0
12070.0,0.0
12071.0,1.0
12072.0,0.0
12078.0,0.0
12092.0,1.0
12094.0,0.0
12098.0,0.0
12103.0,1.0
12115.0,1.0
12118.0,0.0
12122.0,1.0
12125.0,0.0
12133.0,1.0
12135.0,1.0
12137.0,0.0
12141.0,0.0
12143.0,1.0
12144.0,1.0
12150.0,1.0
12154.0,1.0
12163.0,0.0
12164.0,1.0
12169.0,0.0
12170.0,0.0
12177.0,0.0
12193.0,1.0
12196.0,1.0
12197.0,0.0
12202.0,0.0
12206.0,1.0
12214.0,0.0
12215.0,0.0
12219.0,0.0
12221.0,1.0
12228.0,1.0
12233.0,1.0
12238.0,1.0
12242.0,0.0
12245.0,0.0
12247.0,1.0
12251.0,0.0
12292.0,1.0
12303.0,0.0
12311.0,0.0
12317.0,1.0
12318.0,0.0
12320.0,0.0
12323.0,1.0
12328.0,0.0
12333.0,0.0
12335.0,1.0
12346.0,0.0
12352.0,1.0
12358.0,0.0
12364.0,0.0
12366.0,1.0
12376.0,0.0
12389.0,1.0
12396.0,1.0
12401.0,1.0
12402.0,0.0
12405.0,0.0
12406.0,0.0
12408.0,0.0
12410.0,1.0
12413.0,0.0
12417.0,1.0
12424.0,0.0
12425.0,0.0
12426.0,1.0
12430.0,1.0
12432.0,0.0
12433.0,0.0
12451.0,0.0
12457.0,0.0
12463.0,1.0
12465.0,0.0
12468.0,1.0
12474.0,0.0
12475.0,1.0
12476.0,0.0
12486.0,1.0
12487.0,0.0
12504.0,1.0
12514.0,1.0
12524.0,0.0
12526.0,1.0
12530.0,1.0
12532.0,0.0
12587.0,1.0
12593.0,0.0
12599.0,1.0
12600.0,1.0
12603.0,0.0
12620.0,0.0
12624.0,0.0
12630.0,0.0
12638.0,1.0
12643.0,1.0
12646.0,0.0
12656.0,0.0
12659.0,0.0
12666.0,1.0
12672.0,0.0
12673.0,1.0
12675.0,1.0
12678.0,0.0
12692.0,0.0
12693.0,1.0
12695.0,0.0
12707.0,0.0
12711.0,0.0
12716.0,1.0
12717.0,0.0
12735.0,0.0
12738.0,0.0
12742.0,1.0
12746.0,1.0
12753.0,1.0
12758.0,1.0
12760.0,0.0
12763.0,1.0
12764.0,0.0
12768.0,1.0
12772.0,0.0
12776.0,1.0
12777.0,0.0
12783.0,0.0
12801.0,0.0
12803.0,0.0
12804.0,0.0
12805.0,1.0
12817.0,1.0
12824.0,1.0
12839.0,0.0
12847.0,0.0
12850.0,1.0
12867.0,0.0
12875.0,1.0
12885.0,1.0
12887.0,0.0
12890.0,1.0
12903.0,0.0
12906.0,1.0
12909.0,1.0
12912.0,0.0
12914.0,0.0
12915.0,1.0
12930.0,0.0
12931.0,1.0
12934.0,0.0
12951.0,0.0
12955.0,1.0
12971.0,0.0
12972.0,0.0
12973.0,1.0
12986.0,0.0
12987.0,1.0
12988.0,1.0
13015.0,0.0
13026.0,0.0
13036.0,0.0
13039.0,0.0
13040.0,1.0
13041.0,1.0
13043.0,1.0
13057.0,0.0
13066.0,1.0
13069.0,0.0
13073.0,1.0
13079.0,0.0
13086.0,1.0
13089.0,0.0
13093.0,0.0
13097.0,0.0
13105.0,0.0
13107.0,1.0
13108.0,1.0
13110.0,1.0
13112.0,0.0
13114.0,0.0
13127.0,1.0
13129.0,1.0
13134.0,0.0
13142.0,0.0
13146.0,1.0
13149.0,0.0
13152.0,0.0
13157.0,0.0
13158.0,1.0
13159.0,1.0
13161.0,0.0
13162.0,1.0
13166.0,0.0
13168.0,0.0
13170.0,1.0
13186.0,1.0
13191.0,1.0
13194.0,0.0
13200.0,0.0
13203.0,0.0
13209.0,1.0
13212.0,0.0
13213.0,0.0
13218.0,1.0
13222.0,0.0
13229.0,1.0
13234.0,0.0
13257.0,1.0
13258.0,0.0
13268.0,0.0
13270.0,1.0
13291.0,1.0
13292.0,0.0
13299.0,1.0
13303.0,0.0
13306.0,0.0
13307.0,1.0
13309.0,0.0
13311.0,1.0
13312.0,0.0
13322.0,1.0
13323.0,1.0
13324.0,0.0
13330.0,0.0
13338.0,0.0
13348.0,1.0
13355.0,0.0
13356.0,1.0
13359.0,1.0
13365.0,0.0
13368.0,1.0
13370.0,0.0
13371.0,0.0
13372.0,1.0
13377.0,0.0
13385.0,1.0
13389.0,0.0
13392.0,1.0
13393.0,0.0
13395.0,1.0
13404.0,0.0
13410.0,1.0
13411.0,0.0
13413.0,0.0
13416.0,1.0
13434.0,1.0
13435.0,1.0
13445.0,0.0
13446.0,1.0
13451.0,1.0
13462.0,0.0
13464.0,0.0
13466.0,0.0
13471.0,0.0
13472.0,0.0
13477.0,1.0
13481.0,1.0
13484.0,0.0
13490.0,0.0
13492.0,0.0
13500.0,0.0
13508.0,1.0
13516.0,1.0
13525.0,0.0
13526.0,1.0
13530.0,0.0
13532.0,0.0
13538.0,1.0
13546.0,0.0
13548.0,1.0
13550.0,0.0
13551.0,0.0
13564.0,0.0
13566.0,1.0
13570.0,0.0
13580.0,1.0
13582.0,1.0
13585.0,0.0
13588.0,1.0
13592.0,0.0
13594.0,1.0
13609.0,0.0
13610.0,1.0
13612.0,0.0
13613.0,1.0
13625.0,0.0
13629.0,1.0
13639.0,1.0
13645.0,0.0
13647.0,0.0
13648.0,0.0
13652.0,1.0
13654.0,1.0
13664.0,1.0
13680.0,1.0
13684.0,0.0
13690.0,0.0
13693.0,0.0
13696.0,1.0
13700.0,0.0
13701.0,0.0
13703.0,0.0
13711.0,0.0
13713.0,1.0
13714.0,1.0
13716.0,0.0
13720.0,1.0
13727.0,0.0
13733.0,1.0
13743.0,0.0
13756.0,0.0
13757.0,1.0
13759.0,1.0
13761.0,0.0
13767.0,1.0
13782.0,0.0
13786.0,1.0
13787.0,0.0
13792.0,0.0
13795.0,1.0
13798.0,0.0
13807.0,1.0
13809.0,1.0
13811.0,1.0
13815.0,0.0
13817.0,0.0
13818.0,1.0
13822.0,0.0
13824.0,0.0
13829.0,1.0
13832.0,1.0
13840.0,1.0
13841.0,1.0
13871.0,0.0
13878.0,0.0
13880.0,1.0
13888.0,0.0
13890.0,0.0
13891.0,0.0
13895.0,0.0
13907.0,1.0
13910.0,0.0
13912.0,1.0
13913.0,0.0
13920.0,0.0
13923.0,1.0
13927.0,1.0
13929.0,0.0
13936.0,0.0
13946.0,1.0
13950.0,0.0
13951.0,1.0
13954.0,1.0
13956.0,0.0
13958.0,0.0
13969.0,1.0
13980.0,0.0
13981.0,1.0
13986.0,0.0
13987.0,0.0
13989.0,1.0
13992.0,0.0
13994.0,1.0
14002.0,0.0
14004.0,1.0
14005.0,1.0
14012.0,1.0
14015.0,0.0
14021.0,0.0
14024.0,0.0
14045.0,1.0
14047.0,0.0
14057.0,0.0
14059.0,1.0
14060.0,0.0
14066.0,1.0
14068.0,0.0
14070.0,1.0
14074.0,0.0
14076.0,0.0
14089.0,1.0
14101.0,1.0
14113.0,1.0
14115.0,1.0
14116.0,1.0
14120.0,0.0
14128.0,0.0
14131.0,0.0
14134.0,0.0
14136.0,0.0
14137.0,1.0
14138.0,0.0
14139.0,1.0
14152.0,0.0
14153.0,1.0
14155.0,1.0
14156.0,0.0
14159.0,0.0
14164.0,0.0
14171.0,0.0
14174.0,1.0
14175.0,1.0
14181.0,1.0
14186.0,0.0
14189.0,1.0
14191.0,0.0
14192.0,0.0
14201.0,0.0
14206.0,1.0
14210.0,0.0
14214.0,0.0
14221.0,1.0
14222.0,0.0
14230.0,0.0
14231.0,1.0
14236.0,0.0
14241.0,0.0
14245.0,1.0
14249.0,1.0
14251.0,1.0
14262.0,0.0
14263.0,0.0
14265.0,1.0
14267.0,1.0
14270.0,0.0
14276.0,0.0
14279.0,1.0
14281.0,0.0
14285.0,0.0
14289.0,1.0
14290.0,1.0
14293.0,0.0
14295.0,1.0
14296.0,0.0
14297.0,1.0
14298.0,0.0
14310.0,0.0
14312.0,1.0
14313.0,1.0
14315.0,0.0
14318.0,1.0
14322.0,1.0
14325.0,1.0
14331.0,0.0
14334.0,1.0
14341.0,0.0
14343.0,0.0
14344.0,1.0
14345.0,0.0
14346.0,1.0
14347.0,1.0
14352.0,0.0
14358.0,0.0
14361.0,0.0
14363.0,0.0
14364.0,1.0
14366.0,1.0
14374.0,0.0
14376.0,0.0
14381.0,0.0
14387.0,1.0
14398.0,1.0
14410.0,0.0
14412.0,0.0
14415.0,0.0
14422.0,0.0
14425.0,1.0
14436.0,0.0
14442.0,0.0
14444.0,1.0
14455.0,1.0
14465.0,1.0
14469.0,0.0
14471.0,1.0
14475.0,0.0
14479.0,1.0
14480.0,0.0
14488.0,0.0
14499.0,1.0
14501.0,1.0
14516.0,0.0
14520.0,1.0
14522.0,0.0
14523.0,0.0
14526.0,1.0
14537.0,0.0
14538.0,1.0
14550.0,0.0
14560.0,1.0
14561.0,1.0
14562.0,0.0
14575.0,0.0
14586.0,1.0
14592.0,1.0
14601.0,0.0
14602.0,0.0
14604.0,0.0
14606.0,0.0
14613.0,1.0
14627.0,1.0
14652.0,0.0
14665.0,1.0
14673.0,0.0
14675.0,1.0
14683.0,0.0
14686.0,1.0
14695.0,0.0
14705.0,1.0
14708.0,0.0
14709.0,1.0
14710.0,0.0
14715.0,0.0
14717.0,1.0
14723.0,0.0
14725.0,1.0
14728.0,1.0
14733.0,1.0
14735.0,0.0
14743.0,0.0
14746.0,0.0
14752.0,0.0
14757.0,1.0
14759.0,1.0
14762.0,1.0
14774.0,0.0
14777.0,0.0
14778.0,1.0
14797.0,0.0
14798.0,0.0
14811.0,1.0
14812.0,0.0
14818.0,1.0
14825.0,0.0
14827.0,1.0
14829.0,0.0
14830.0,1.0
14837.0,0.0
14839.0,0.0
14849.0,1.0
14863.0,0.0
14869.0,1.0
14882.0,0.0
14884.0,1.0
14886.0,1.0
14888.0,0.0
14890.0,0.0
14904.0,1.0
14938.0,1.0
14952.0,1.0
14958.0,1.0
14960.0,0.0
14963.0,0.0
14972.0,1.0
14979.0,0.0
14980.0,0.0
14986.0,0.0
14988.0,1.0
15003.0,0.0
15006.0,0.0
15009.0,0.0
15015.0,1.0
15024.0,0.0
15026.0,1.0
15030.0,0.0
15036.0,1.0
15038.0,0.0
15039.0,1.0
15047.0,0.0
15049.0,1.0
15056.0,0.0
15060.0,1.0
15068.0,0.0
15073.0,1.0
15084.0,0.0
15088.0,1.0
15092.0,0.0
15095.0,0.0
15097.0,1.0
15098.0,0.0
15115.0,1.0
15120.0,1.0
15126.0,1.0
15133.0,0.0
15143.0,0.0
15156.0,0.0
15163.0,1.0
15164.0,0.0
15178.0,0.0
15198.0,0.0
15200.0,1.0
15204.0,0.0
15206.0,1.0
15208.0,1.0
15214.0,0.0
15218.0,1.0
15231.0,0.0
15238.0,1.0
15239.0,0.0
15240.0,0.0
15249.0,1.0
15256.0,1.0
15260.0,0.0
15290.0,0.0
15296.0,1.0
15298.0,0.0
15299.0,1.0
15307.0,0.0
15308.0,1.0
15309.0,0.0
15321.0,0.0
15323.0,1.0
15325.0,0.0
15335.0,0.0
15342.0,1.0
15346.0,1.0
15349.0,1.0
15354.0,1.0
15362.0,0.0
15372.0,0.0
15383.0,0.0
15394.0,0.0
15399.0,1.0
15401.0,1.0
15405.0,0.0
15407.0,0.0
15412.0,1.0
15413.0,1.0
15415.0,0.0
15417.0,0.0
15427.0,0.0
15430.0,0.0
15436.0,1.0
15438.0,1.0
15439.0,0.0
15443.0,1.0
15444.0,0.0
15445.0,0.0
15446.0,1.0
15450.0,0.0
15456.0,1.0
15465.0,0.0
15468.0,0.0
15470.0,1.0
15474.0,0.0
15476.0,1.0
15482.0,1.0
15492.0,0.0
15498.0,1.0
15510.0,0.0
15519.0,0.0
15523.0,1.0
15535.0,0.0
15548.0,1.0
15563.0,1.0
15564.0,0.0
15566.0,1.0
15579.0,0.0
15580.0,0.0
15581.0,0.0
15587.0,1.0
15589.0,1.0
15591.0,0.0
15597.0,1.0
15615.0,0.0
15620.0,1.0
15627.0,0.0
15633.0,0.0
15636.0,0.0
15653.0,0.0
15654.0,1.0
15662.0,1.0
15664.0,0.0
15666.0,1.0
15667.0,1.0
15674.0,0.0
15692.0,0.0
15700.0,0.0
15715.0,1.0
15722.0,0.0
15736.0,1.0
15744.0,1.0
15746.0,1.0
15758.0,0.0
15760.0,0.0
15762.0,0.0
15766.0,1.0
15767.0,0.0
15770.0,1.0
15788.0,0.0
15789.0,0.0
15810.0,0.0
15818.0,0.0
15820.0,0.0
15830.0,1.0
15844.0,0.0
15850.0,1.0
15863.0,1.0
15868.0,1.0
15869.0,1.0
15872.0,0.0
15873.0,1.0
15876.0,0.0
15878.0,0.0
15883.0,1.0
15884.0,0.0
15885.0,1.0
15886.0,0.0
15891.0,1.0
15894.0,0.0
15898.0,1.0
15900.0,0.0
15912.0,0.0
15931.0,1.0
15932.0,0.0
15940.0,1.0
15944.0,0.0
15945.0,1.0
15949.0,0.0
15960.0,1.0
15963.0,0.0
15970.0,1.0
15977.0,0.0
15982.0,1.0
15985.0,1.0
15995.0,0.0
16004.0,1.0
16005.0,0.0
16006.0,0.0
16011.0,0.0
16019.0,1.0
16021.0,1.0
16034.0,1.0
16051.0,0.0
16060.0,0.0
16065.0,0.0
16066.0,1.0
16070.0,0.0
16076.0,0.0
16091.0,1.0
16094.0,0.0
16101.0,0.0
16104.0,1.0
16113.0,1.0
16114.0,1.0
16115.0,1.0
16127.0,0.0
16128.0,0.0
16137.0,1.0
16138.0,1.0
16139.0,0.0
16144.0,0.0
16148.0,0.0
16151.0,0.0
16154.0,1.0
16156.0,0.0
16165.0,1.0
16166.0,1.0
16168.0,1.0
16179.0,0.0
16193.0,0.0
16196.0,0.0
16198.0,1.0
16210.0,0.0
16232.0,0.0
16237.0,1.0
16240.0,0.0
16252.0,0.0
16259.0,0.0
16262.0,1.0
16270.0,1.0
16272.0,0.0
16276.0,0.0
16290.0,1.0
16299.0,1.0
16300.0,0.0
16302.0,1.0
16303.0,0.0
16305.0,0.0
16309.0,1.0
16312.0,1.0
16316.0,0.0
16320.0,1.0
16326.0,1.0
16327.0,0.0
16338.0,0.0
16342.0,0.0
16346.0,0.0
16348.0,0.0
16355.0,1.0
16356.0,0.0
16378.0,1.0
16382.0,0.0
16391.0,1.0
16392.0,0.0
16395.0,1.0
16399.0,0.0
16403.0,0.0
16408.0,1.0
16413.0,0.0
16415.0,1.0
16417.0,1.0
16420.0,0.0
16431.0,1.0
16439.0,1.0
16441.0,0.0
16444.0,1.0
16446.0,0.0
16451.0,0.0
16454.0,0.0
16456.0,1.0
16458.0,1.0
16461.0,0.0
16462.0,0.0
16469.0,0.0
16479.0,1.0
16484.0,1.0
16486.0,0.0
16487.0,0.0
16491.0,1.0
16507.0,1.0
16508.0,0.0
16519.0,0.0
16523.0,1.0
16526.0,0.0
16530.0,1.0
16532.0,0.0
16535.0,1.0
16542.0,0.0
16550.0,1.0
16555.0,0.0
16556.0,1.0
16558.0,0.0
16567.0,0.0
16576.0,1.0
16579.0,1.0
16580.0,0.0
16598.0,0.0
16600.0,0.0
16604.0,1.0
16605.0,0.0
16607.0,0.0
16610.0,1.0
16612.0,1.0
16617.0,0.0
16625.0,1.0
16632.0,0.0
16634.0,1.0
16650.0,1.0
16652.0,0.0
16654.0,1.0
16655.0,0.0
16656.0,0.0
16657.0,1.0
16660.0,0.0
16661.0,0.0
16662.0,0.0
16667.0,1.0
16673.0,1.0
16675.0,1.0
16676.0,0.0
16678.0,0.0
16679.0,1.0
16693.0,1.0
16701.0,0.0
16709.0,1.0
16715.0,0.0
16722.0,0.0
16724.0,0.0
16735.0,1.0
16747.0,1.0
16752.0,0.0
16758.0,0.0
16765.0,0.0
16771.0,1.0
16793.0,1.0
16800.0,0.0
16805.0,1.0
16809.0,0.0
16818.0,1.0
16820.0,0.0
16827.0,0.0
16830.0,1.0
16843.0,0.0
16847.0,1.0
16855.0,0.0
16860.0,1.0
16862.0,0.0
16863.0,1.0
16869.0,0.0
16872.0,1.0
16874.0,1.0
16876.0,0.0
16883.0,0.0
16893.0,0.0
16895.0,1.0
16914.0,0.0
16917.0,1.0
16926.0,1.0
16930.0,0.0
16931.0,0.0
16934.0,1.0
16937.0,0.0
16941.0,0.0
16942.0,1.0
16957.0,1.0
16962.0,1.0
16963.0,1.0
16967.0,0.0
16968.0,0.0
16972.0,0.0
16984.0,1.0
16987.0,1.0
16994.0,0.0
16995.0,0.0
16999.0,0.0
17000.0,1.0
17004.0,0.0
17006.0,1.0
17034.0,1.0
17038.0,0.0
17040.0,0.0
17050.0,0.0
17055.0,1.0
17059.0,1.0
17066.0,1.0
17068.0,0.0
17077.0,0.0
17079.0,1.0
17082.0,0.0
17085.0,0.0
17087.0,1.0
17099.0,0.0
17105.0,0.0
17108.0,1.0
17110.0,0.0
17111.0,1.0
17116.0,0.0
17123.0,0.0
17124.0,1.0
17130.0,0.0
17132.0,1.0
17138.0,0.0
17143.0,1.0
17157.0,0.0
17166.0,0.0
17170.0,1.0
17179.0,1.0
17180.0,0.0
17189.0,0.0
17197.0,1.0
17212.0,0.0
17219.0,1.0
17223.0,1.0
17225.0,0.0
17229.0,1.0
17234.0,0.0
17235.0,0.0
17239.0,1.0
17242.0,0.0
17243.0,1.0
17246.0,1.0
17247.0,0.0
17255.0,1.0
17258.0,0.0
17260.0,1.0
17264.0,0.0
17270.0,0.0
17271.0,0.0
17272.0,1.0
17285.0,1.0
17294.0,0.0
17297.0,0.0
17298.0,0.0
17299.0,1.0
17302.0,0.0
17313.0,1.0
17315.0,1.0
17324.0,1.0
17326.0,0.0
17327.0,0.0
17330.0,0.0
17339.0,1.0
17350.0,1.0
17351.0,0.0
17352.0,0.0
17371.0,0.0
17372.0,0.0
17381.0,1.0
17385.0,0.0
17388.0,1.0
17390.0,1.0
17392.0,0.0
17399.0,1.0
17404.0,0.0
17407.0,1.0
17408.0,0.0
17416.0,0.0
17418.0,0.0
17423.0,0.0
17434.0,1.0
17438.0,1.0
17443.0,0.0
17447.0,0.0
17453.0,1.0
17454.0,1.0
17460.0,1.0
17467.0,0.0
17480.0,1.0
17488.0,0.0
17490.0,0.0
17493.0,0.0
17498.0,0.0
17503.0,1.0
17513.0,1.0
17517.0,1.0
17520.0,0.0
17525.0,1.0
17534.0,1.0
17545.0,1.0
17553.0,0.0
17554.0,0.0
17557.0,0.0
17564.0,0.0
17566.0,1.0
17576.0,0.0
17577.0,0.0
17580.0,1.0
17582.0,0.0
17596.0,1.0
17597.0,1.0
17602.0,0.0
17614.0,0.0
17623.0,1.0
17624.0,0.0
17627.0,1.0
17628.0,0.0
17630.0,1.0
17634.0,0.0
17639.0,1.0
17640.0,0.0
17652.0,1.0
17657.0,0.0
17661.0,0.0
17662.0,0.0
17666.0,1.0
17678.0,1.0
17680.0,1.0
17682.0,1.0
17687.0,0.0
17688.0,0.0
17693.0,0.0
17696.0,0.0
17703.0,1.0
17705.0,0.0
17711.0,1.0
17715.0,0.0
17717.0,1.0
17721.0,0.0
17727.0,0.0
17728.0,0.0
17737.0,1.0
17745.0,1.0
17755.0,0.0
17764.0,1.0
17768.0,0.0
17774.0,0.0
17777.0,1.0
17785.0,0.0
17786.0,1.0
17789.0,1.0
17793.0,1.0
17799.0,0.0
17802.0,1.0
17810.0,0.0
17813.0,0.0
17819.0,0.0
17825.0,0.0
17828.0,1.0
17833.0,1.0
17841.0,0.0
17842.0,1.0
17844.0,0.0
17849.0,1.0
17850.0,0.0
17855.0,0.0
17857.0,1.0
17861.0,1.0
17862.0,0.0
17863.0,1.0
17868.0,1.0
17876.0,0.0
17882.0,1.0
17885.0,1.0
17893.0,1.0
17894.0,0.0
17902.0,1.0
17903.0,0.0
17906.0,0.0
17907.0,1.0
17911.0,1.0
17917.0,1.0
17921.0,0.0
17932.0,0.0
17941.0,0.0
17945.0,0.0
17949.0,1.0
17954.0,0.0
17957.0,1.0
17958.0,0.0
17960.0,1.0
17967.0,0.0
17975.0,0.0
17985.0,0.0
18000.0,0.0
18002.0,0.0
18014.0,1.0
18015.0,0.0
18019.0,0.0
18021.0,1.0
18022.0,1.0
18026.0,1.0
18029.0,0.0
18030.0,1.0
18034.0,1.0
18035.0,0.0
18036.0,0.0
18039.0,0.0
18053.0,0.0
18066.0,1.0
18075.0,0.0
18076.0,1.0
18079.0,0.0
18089.0,0.0
18104.0,1.0
18110.0,1.0
18119.0,0.0
18123.0,1.0
18124.0,1.0
18129.0,0.0
18133.0,0.0
18136.0,0.0
18148.0,1.0
18152.0,0.0
18167.0,1.0
18177.0,1.0
18178.0,1.0
18183.0,0.0
18194.0,0.0
18197.0,1.0
18199.0,0.0
18213.0,1.0
18214.0,0.0
18221.0,0.0
18227.0,0.0
18235.0,1.0
18239.0,1.0
18245.0,0.0
18248.0,1.0
18265.0,1.0
18266.0,0.0
18267.0,1.0
18274.0,0.0
18279.0,0.0
18283.0,1.0
18291.0,1.0
18297.0,0.0
18302.0,0.0
18303.0,0.0
18315.0,0.0
18324.0,0.0
18326.0,1.0
18334.0,0.0
18336.0,1.0
18344.0,0.0
18346.0,1.0
18347.0,0.0
18350.0,0.0
18352.0,1.0
18353.0,1.0
18364.0,0.0
18366.0,1.0
18373.0,0.0
18389.0,0.0
18391.0,1.0
18395.0,1.0
18400.0,0.0
18405.0,1.0
18408.0,0.0
18421.0,0.0
18425.0,1.0
18443.0,0.0
18444.0,1.0
18451.0,0.0
18456.0,1.0
18460.0,1.0
18461.0,1.0
18467.0,0.0
18468.0,1.0
18475.0,0.0
18481.0,1.0
18485.0,0.0
18494.0,1.0
18495.0,0.0
18508.0,0.0
18519.0,1.0
18522.0,0.0
18530.0,0.0
18533.0,0.0
18537.0,1.0
18542.0,0.0
18547.0,1.0
18548.0,0.0
18553.0,0.0
18560.0,1.0
18561.0,1.0
18565.0,1.0
18572.0,1.0
18585.0,1.0
18593.0,0.0
18597.0,0.0
18600.0,0.0
18601.0,0.0
18620.0,0.0
18621.0,1.0
18625.0,0.0
18629.0,0.0
18637.0,1.0
18649.0,0.0
18653.0,1.0
18660.0,0.0
18671.0,0.0
18672.0,0.0
18677.0,1.0
18681.0,0.0
18684.0,0.0
18686.0,0.0
18687.0,1.0
18689.0,1.0
18690.0,1.0
18709.0,1.0
18716.0,0.0
18723.0,1.0
18733.0,1.0
18747.0,0.0
18759.0,0.0
18773.0,0.0
18782.0,1.0
18797.0,1.0
18810.0,0.0
18817.0,0.0
18820.0,1.0
18823.0,1.0
18825.0,0.0
18836.0,0.0
18837.0,1.0
18850.0,0.0
18857.0,1.0
18861.0,0.0
18867.0,0.0
18870.0,0.0
18877.0,0.0
18887.0,1.0
18888.0,1.0
18898.0,0.0
18900.0,0.0
18914.0,1.0
18921.0,1.0
18922.0,0.0
18926.0,1.0
18937.0,1.0
18945.0,1.0
18947.0,0.0
18949.0,0.0
18953.0,0.0
18954.0,1.0
18957.0,0.0
18960.0,1.0
18965.0,0.0
18973.0,0.0
18983.0,1.0
18990.0,0.0
18991.0,0.0
18993.0,0.0
18995.0,1.0
18996.0,1.0
18998.0,1.0
19003.0,0.0
19010.0,1.0
19014.0,0.0
19015.0,1.0
19019.0,0.0
19028.0,1.0
19036.0,0.0
19038.0,0.0
19040.0,1.0
19046.0,0.0
19051.0,1.0
19054.0,0.0
19056.0,1.0
19070.0,0.0
19074.0,0.0
19078.0,1.0
19079.0,1.0
19083.0,0.0
19085.0,0.0
19088.0,1.0
19099.0,0.0
19124.0,1.0
19127.0,0.0
19134.0,0.0
19141.0,0.0
19150.0,0.0
19159.0,1.0
19165.0,1.0
19169.0,1.0
19170.0,0.0
19176.0,1.0
19187.0,0.0
19189.0,1.0
19192.0,0.0
19202.0,0.0
19208.0,1.0
19209.0,0.0
19210.0,1.0
19216.0,0.0
19218.0,1.0
19223.0,0.0
19224.0,0.0
19225.0,1.0
19228.0,1.0
19240.0,0.0
19246.0,1.0
19266.0,0.0
19269.0,0.0
19274.0,1.0
19275.0,0.0
19287.0,0.0
19298.0,1.0
19303.0,1.0
19306.0,1.0
19313.0,1.0
19325.0,0.0
19326.0,1.0
19328.0,0.0
19330.0,0.0
19339.0,1.0
19340.0,0.0
19342.0,0.0
19343.0,1.0
19344.0,0.0
19350.0,0.0
19357.0,1.0
19361.0,0.0
19363.0,1.0
19364.0,0.0
19371.0,0.0
19376.0,1.0
19377.0,0.0
19381.0,1.0
19384.0,0.0
19390.0,0.0
19402.0,1.0
19405.0,0.0
19409.0,0.0
19418.0,1.0
19433.0,1.0
19446.0,0.0
19458.0,1.0
19460.0,0.0
19465.0,1.0
19471.0,0.0
19472.0,0.0
19478.0,1.0
19480.0,1.0
19487.0,0.0
19495.0,1.0
19497.0,0.0
19500.0,0.0
19503.0,1.0
19507.0,0.0
19517.0,1.0
19533.0,0.0
19537.0,1.0
19541.0,1.0
19561.0,0.0
19563.0,0.0
19566.0,0.0
19568.0,1.0
19576.0,1.0
19577.0,1.0
19578.0,0.0
19591.0,0.0
19597.0,0.0
19619.0,1.0
19622.0,0.0
19623.0,0.0
19624.0,1.0
19627.0,1.0
19629.0,0.0
19633.0,0.0
19639.0,1.0
19641.0,1.0
19643.0,0.0
19646.0,0.0
19649.0,1.0
19652.0,0.0
19657.0,1.0
19659.0,0.0
19660.0,1.0
19668.0,1.0
19678.0,0.0
19686.0,1.0
19690.0,0.0
19694.0,1.0
19695.0,0.0
19701.0,0.0
19712.0,1.0
19720.0,0.0
19730.0,1.0
19731.0,0.0
19735.0,1.0
19739.0,0.0
19740.0,1.0
19743.0,0.0
19750.0,0.0
19752.0,0.0
19754.0,1.0
19762.0,0.0
19770.0,1.0
19775.0,0.0
19777.0,1.0
19782.0,0.0
19786.0,1.0
19805.0,0.0
19808.0,1.0
19810.0,0.0
19819.0,0.0
19821.0,1.0
19827.0,0.0
19830.0,1.0
19832.0,1.0
19833.0,0.0
19834.0,0.0
19843.0,1.0
19844.0,0.0
19846.0,1.0
19849.0,0.0
19850.0,1.0
19851.0,0.0
19861.0,0.0
19864.0,0.0
19866.0,0.0
19873.0,1.0
19878.0,0.0
19886.0,0.0
19892.0,0.0
19893.0,0.0
19901.0,1.0
19902.0,1.0
19920.0,0.0
19921.0,1.0
19922.0,1.0
19929.0,0.0
19932.0,1.0
19935.0,1.0
19936.0,0.0
19946.0,1.0
19950.0,0.0
19952.0,1.0
19955.0,0.0
19970.0,0.0
19976.0,1.0
19983.0,1.0
19984.0,0.0
19987.0,0.0
19991.0,1.0
19994.0,1.0
19996.0,0.0
20007.0,1.0
20015.0,1.0
20019.0,0.0
20021.0,1.0
20023.0,0.0
20025.0,0.0
20034.0,0.0
20036.0,1.0
20038.0,1.0
20039.0,1.0
20040.0,0.0
20045.0,0.0
20046.0,0.0
20048.0,0.0
20060.0,1.0
20062.0,0.0
20065.0,1.0
20068.0,1.0
20074.0,1.0
20087.0,0.0
20097.0,0.0
20111.0,0.0
20117.0,1.0
20125.0,1.0
20129.0,1.0
20134.0,0.0
20135.0,0.0
20139.0,0.0
20142.0,0.0
20147.0,1.0
20154.0,0.0
20157.0,1.0
20158.0,1.0
20162.0,0.0
20169.0,0.0
20179.0,0.0
20202.0,1.0
20207.0,0.0
20215.0,1.0
20216.0,0.0
20217.0,1.0
20218.0,0.0
20219.0,1.0
20226.0,0.0
20236.0,1.0
20246.0,1.0
20247.0,0.0
20253.0,1.0
20255.0,0.0
20268.0,1.0
20270.0,0.0
20271.0,0.0
20279.0,0.0
20280.0,1.0
20282.0,0.0
20283.0,0.0
20295.0,1.0
20302.0,1.0
20306.0,0.0
20308.0,1.0
20309.0,0.0
20311.0,0.0
20324.0,1.0
20330.0,1.0
20335.0,0.0
20344.0,1.0
20349.0,1.0
20356.0,0.0
20358.0,0.0
20360.0,0.0
20362.0,1.0
20378.0,0.0
20391.0,1.0
20394.0,0.0
20397.0,0.0
20403.0,1.0
20405.0,0.0
20415.0,1.0
20417.0,0.0
20420.0,1.0
20425.0,1.0
20430.0,1.0
20435.0,0.0
20443.0,0.0
20446.0,1.0
20458.0,0.0
20459.0,0.0
20462.0,0.0
20467.0,0.0
20470.0,1.0
20489.0,1.0
20495.0,0.0
20496.0,1.0
20497.0,0.0
20505.0,0.0
20509.0,1.0
20520.0,1.0
20522.0,0.0
20535.0,0.0
20539.0,1.0
20547.0,1.0
20554.0,1.0
20556.0,1.0
20557.0,0.0
20566.0,0.0
20568.0,1.0
20577.0,1.0
20593.0,1.0
20596.0,0.0
20597.0,1.0
20602.0,0.0
20609.0,0.0
20612.0,1.0
20618.0,0.0
20621.0,0.0
20628.0,0.0
20634.0,1.0
20637.0,0.0
20641.0,0.0
20642.0,1.0
20647.0,0.0
20655.0,1.0
20656.0,0.0
20664.0,1.0
20674.0,1.0
20679.0,0.0
20680.0,0.0
20683.0,0.0
20687.0,1.0
20688.0,1.0
20693.0,0.0
20695.0,1.0
20696.0,0.0
20699.0,1.0
20701.0,0.0
20702.0,0.0
20704.0,1.0
20725.0,1.0
20731.0,0.0
20737.0,0.0
20741.0,1.0
20742.0,0.0
20753.0,0.0
20756.0,1.0
20769.0,0.0
20771.0,0.0
20774.0,0.0
20777.0,1.0
20792.0,0.0
20797.0,0.0
20808.0,1.0
20810.0,1.0
20813.0,0.0
20820.0,0.0
20823.0,1.0
20826.0,1.0
20829.0,1.0
20832.0,0.0
20833.0,0.0
20837.0,1.0
20838.0,0.0
20839.0,1.0
20840.0,1.0
20847.0,0.0
20856.0,0.0
20861.0,0.0
20863.0,1.0
20869.0,1.0
20877.0,0.0
20889.0,1.0
20894.0,1.0
20901.0,0.0
20919.0,0.0
20923.0,1.0
20935.0,1.0
20937.0,0.0
20939.0,0.0
20940.0,0.0
20943.0,1.0
20946.0,0.0
20949.0,1.0
20950.0,0.0
20958.0,1.0
20961.0,0.0
20965.0,1.0
20967.0,0.0
20969.0,1.0
20970.0,0.0
20974.0,0.0
20975.0,0.0
20987.0,0.0
20995.0,0.0
20996.0,0.0
20998.0,0.0
21002.0,0.0
21012.0,1.0
21013.0,1.0
21014.0,0.0
21015.0,1.0
21017.0,1.0
21020.0,1.0
21028.0,0.0
21031.0,1.0
21036.0,1.0
21039.0,1.0
21040.0,0.0
21048.0,0.0
21049.0,1.0
21051.0,0.0
21054.0,1.0
21070.0,0.0
21072.0,1.0
21079.0,0.0
21088.0,1.0
21090.0,1.0
21091.0,0.0
21093.0,0.0
21104.0,0.0
21114.0,1.0
21117.0,0.0
21120.0,0.0
21121.0,0.0
21132.0,1.0
21139.0,1.0
21140.0,1.0
21146.0,0.0
21150.0,1.0
21164.0,0.0
21177.0,1.0
21178.0,0.0
21180.0,0.0
21198.0,1.0
21203.0,0.0
21210.0,0.0
21217.0,1.0
21218.0,1.0
21220.0,0.0
21228.0,1.0
21236.0,0.0
21239.0,1.0
21247.0,0.0
21260.0,0.0
21265.0,0.0
21267.0,1.0
21271.0,1.0
21279.0,0.0
21286.0,1.0
21288.0,1.0
21294.0,0.0
21298.0,0.0
21299.0,0.0
21300.0,0.0
21304.0,0.0
21306.0,1.0
21307.0,1.0
21309.0,1.0
21311.0,0.0
21326.0,1.0
21331.0,0.0
21332.0,0.0
21342.0,0.0
21345.0,0.0
21348.0,0.0
21353.0,1.0
21357.0,0.0
21358.0,1.0
21369.0,1.0
21370.0,1.0
21371.0,1.0
21373.0,1.0
21392.0,0.0
21401.0,1.0
21403.0,0.0
21406.0,0.0
21413.0,0.0
21416.0,1.0
21423.0,1.0
21427.0,1.0
21442.0,0.0
21443.0,0.0
21448.0,1.0
21452.0,0.0
21459.0,1.0
21463.0,1.0
21467.0,0.0
21474.0,0.0
21484.0,1.0
21488.0,1.0
21495.0,0.0
21498.0,1.0
21502.0,0.0
21503.0,0.0
21510.0,0.0
21513.0,1.0
21516.0,0.0
21533.0,0.0
21535.0,0.0
21539.0,0.0
21541.0,1.0
21544.0,0.0
21554.0,1.0
21562.0,1.0
21569.0,1.0
21572.0,0.0
21578.0,1.0
21579.0,0.0
21580.0,1.0
21584.0,0.0
21589.0,0.0
21594.0,0.0
21595.0,1.0
21598.0,0.0
21599.0,1.0
21606.0,0.0
21623.0,0.0
21630.0,0.0
21639.0,1.0
21641.0,1.0
21645.0,1.0
21648.0,0.0
21657.0,1.0
21671.0,0.0
21673.0,0.0
21677.0,1.0
21678.0,0.0
21688.0,0.0
21696.0,1.0
21699.0,1.0
21700.0,0.0
21703.0,1.0
21710.0,0.0
21721.0,0.0
21727.0,1.0
21728.0,0.0
21741.0,0.0
21743.0,1.0
21744.0,1.0
21748.0,1.0
21750.0,0.0
21753.0,0.0
21756.0,0.0
21763.0,1.0
21767.0,1.0
21768.0,0.0
21772.0,0.0
21774.0,1.0
21775.0,0.0
21780.0,0.0
21787.0,1.0
21805.0,0.0
21828.0,1.0
21831.0,1.0
21842.0,0.0
21846.0,1.0
21849.0,0.0
21856.0,1.0
21858.0,0.0
21862.0,0.0
21864.0,0.0
21867.0,1.0
21879.0,0.0
21881.0,1.0
21883.0,0.0
21885.0,0.0
21891.0,1.0
21902.0,0.0
21909.0,0.0
21914.0,1.0
21918.0,1.0
21919.0,0.0
21922.0,1.0
21926.0,0.0
21930.0,1.0
21931.0,0.0
21940.0,0.0
21945.0,1.0
21948.0,0.0
21953.0,1.0
21954.0,0.0
21956.0,0.0
21963.0,1.0
21981.0,0.0
21984.0,1.0
21990.0,1.0
21997.0,1.0
21999.0,0.0
22001.0,0.0
22002.0,0.0
22010.0,1.0
22013.0,0.0
22022.0,1.0
22024.0,0.0
22028.0,0.0
22029.0,0.0
22042.0,1.0
22045.0,0.0
22049.0,1.0
22050.0,0.0
22059.0,1.0
22064.0,1.0
22067.0,0.0
22069.0,0.0
22074.0,0.0
22082.0,0.0
22084.0,0.0
22090.0,1.0
22096.0,0.0
22100.0,1.0
22105.0,1.0
22106.0,1.0
22119.0,1.0
22126.0,0.0
22130.0,0.0
22155.0,1.0
22160.0,0.0
22164.0,1.0
22170.0,0.0
22173.0,0.0
22177.0,1.0
22186.0,1.0
22193.0,0.0
22194.0,0.0
22195.0,0.0
22198.0,1.0
22199.0,1.0
22206.0,1.0
22208.0,0.0
22209.0,1.0
22210.0,1.0
22217.0,0.0
22220.0,0.0
22222.0,1.0
22232.0,0.0
22244.0,0.0
22245.0,0.0
22250.0,1.0
22256.0,1.0
22261.0,1.0
22264.0,0.0
22270.0,0.0
22279.0,0.0
22280.0,0.0
22284.0,0.0
22288.0,0.0
22293.0,0.0
22297.0,1.0
22302.0,1.0
22307.0,1.0
22310.0,1.0
22316.0,0.0
22319.0,0.0
22324.0,0.0
22326.0,1.0
22329.0,0.0
22331.0,0.0
22340.0,1.0
22342.0,1.0
22347.0,0.0
22351.0,1.0
22357.0,1.0
22358.0,0.0
22361.0,0.0
22362.0,1.0
22365.0,0.0
22371.0,1.0
22373.0,0.0
22391.0,1.0
22404.0,1.0
22409.0,0.0
22411.0,0.0
22424.0,1.0
22428.0,1.0
22436.0,0.0
22444.0,0.0
22445.0,0.0
22452.0,0.0
22456.0,0.0
22463.0,1.0
22464.0,1.0
22467.0,0.0
22472.0,0.0
22485.0,1.0
22488.0,0.0
22491.0,1.0
22497.0,1.0
22504.0,0.0
22505.0,0.0
22508.0,1.0
22516.0,0.0
22522.0,0.0
22527.0,1.0
22543.0,1.0
22549.0,0.0
22550.0,0.0
22551.0,1.0
22557.0,1.0
22562.0,1.0
22565.0,0.0
22567.0,0.0
22572.0,0.0
22575.0,0.0
22578.0,1.0
22579.0,1.0
22580.0,1.0
22581.0,1.0
22591.0,0.0
22593.0,0.0
22597.0,1.0
22600.0,0.0
22602.0,0.0
22603.0,1.0
22616.0,0.0
22617.0,1.0
22622.0,0.0
22623.0,1.0
22624.0,0.0
22628.0,0.0
22634.0,1.0
22640.0,1.0
22641.0,1.0
22653.0,1.0
22660.0,0.0
22672.0,0.0
22674.0,0.0
22689.0,0.0
22694.0,1.0
22698.0,0.0
22705.0,1.0
22709.0,1.0
22711.0,0.0
22714.0,0.0
22715.0,0.0
22729.0,1.0
22730.0,0.0
22733.0,0.0
22748.0,0.0
22750.0,1.0
22754.0,1.0
22756.0,0.0
22758.0,1.0
22767.0,0.0
22768.0,1.0
22769.0,0.0
22776.0,1.0
22778.0,0.0
22782.0,0.0
22789.0,0.0
22797.0,1.0
22799.0,1.0
22804.0,0.0
22814.0,1.0
22818.0,0.0
22821.0,1.0
22823.0,0.0
22831.0,1.0
22841.0,0.0
22847.0,0.0
22848.0,0.0
22860.0,0.0
22862.0,1.0
22869.0,1.0
22875.0,0.0
22877.0,0.0
22887.0,0.0
22892.0,0.0
22899.0,0.0
22900.0,1.0
22901.0,1.0
22909.0,1.0
22916.0,1.0
22919.0,0.0
22922.0,1.0
22926.0,0.0
22927.0,1.0
22928.0,0.0
22930.0,1.0
22931.0,0.0
22934.0,1.0
22937.0,1.0
22939.0,0.0
22949.0,1.0
22951.0,0.0
22955.0,0.0
22956.0,1.0
22965.0,0.0
22966.0,0.0
22968.0,1.0
22972.0,0.0
22975.0,1.0
22978.0,0.0
22981.0,1.0
22988.0,0.0
22994.0,1.0
22996.0,0.0
22997.0,1.0
23003.0,0.0
23011.0,0.0
23016.0,1.0
23028.0,0.0
23029.0,1.0
23031.0,1.0
23035.0,0.0
23038.0,0.0
23042.0,1.0
23049.0,0.0
23051.0,1.0
23053.0,1.0
23057.0,0.0
23058.0,0.0
23063.0,0.0
23064.0,1.0
23067.0,0.0
23071.0,1.0
23075.0,0.0
23077.0,0.0
23082.0,1.0
23090.0,1.0
23091.0,0.0
23094.0,1.0
23097.0,0.0
23103.0,0.0
23107.0,0.0
23117.0,1.0
23120.0,1.0
23122.0,0.0
23124.0,1.0
23126.0,0.0
23129.0,0.0
23136.0,1.0
23141.0,1.0
23142.0,1.0
23147.0,0.0
23154.0,0.0
23159.0,0.0
23162.0,1.0
23165.0,0.0
23171.0,0.0
23173.0,1.0
23175.0,1.0
23179.0,0.0
23182.0,1.0
23185.0,0.0
23188.0,1.0
23189.0,0.0
23191.0,0.0
23209.0,1.0
23214.0,0.0
23215.0,0.0
23221.0,1.0
23228.0,1.0
23233.0,0.0
23241.0,0.0
23252.0,1.0
23255.0,0.0
23257.0,1.0
23263.0,0.0
23267.0,1.0
23281.0,0.0
23282.0,1.0
23289.0,0.0
23292.0,1.0
23295.0,0.0
23296.0,0.0
23297.0,1.0
23301.0,0.0
23302.0,1.0
23304.0,0.0
23309.0,1.0
23312.0,0.0
23321.0,1.0
23334.0,0.0
23342.0,1.0
23344.0,0.0
23350.0,1.0
23351.0,0.0
23367.0,0.0
23368.0,1.0
23374.0,0.0
23378.0,1.0
23385.0,0.0
23387.0,1.0
23388.0,0.0
23389.0,1.0
23399.0,0.0
23403.0,0.0
23406.0,1.0
23408.0,1.0
23414.0,0.0
23415.0,0.0
23419.0,1.0
23436.0,0.0
23439.0,1.0
23444.0,0.0
23445.0,0.0
23448.0,1.0
23450.0,1.0
23455.0,0.0
23469.0,0.0
23472.0,1.0
23477.0,0.0
23478.0,1.0
23481.0,0.0
23487.0,0.0
23490.0,0.0
23491.0,1.0
23492.0,1.0
23494.0,0.0
23496.0,1.0
23497.0,0.0
23506.0,0.0
23515.0,0.0
23528.0,0.0
23532.0,1.0
23548.0,0.0
23549.0,1.0
23551.0,1.0
23552.0,1.0
23555.0,1.0
23556.0,0.0
23559.0,1.0
23583.0,0.0
23592.0,0.0
23597.0,1.0
23601.0,0.0
23615.0,1.0
23616.0,1.0
23619.0,0.0
23621.0,1.0
23622.0,0.0
23626.0,0.0
23637.0,1.0
23640.0,0.0
23644.0,0.0
23646.0,1.0
23655.0,1.0
23672.0,0.0
23673.0,1.0
23682.0,1.0
23683.0,0.0
23699.0,1.0
23702.0,0.0
23704.0,1.0
23706.0,0.0
23707.0,0.0
23713.0,1.0
23714.0,0.0
23716.0,0.0
23718.0,1.0
23721.0,1.0
23727.0,0.0
23735.0,0.0
23737.0,0.0
23744.0,1.0
23749.0,0.0
23755.0,1.0
23769.0,1.0
23772.0,0.0
23773.0,1.0
23774.0,0.0
23779.0,0.0
23780.0,1.0
23782.0,0.0
23793.0,1.0
23795.0,0.0
23797.0,1.0
23803.0,0.0
23815.0,1.0
23828.0,0.0
23830.0,1.0
23831.0,1.0
23833.0,0.0
23834.0,1.0
23844.0,0.0
23845.0,1.0
23852.0,0.0
23855.0,0.0
23857.0,1.0
23867.0,0.0
23872.0,1.0
23874.0,0.0
23880.0,1.0
23883.0,0.0
23886.0,0.0
23898.0,1.0
23900.0,0.0
23903.0,1.0
23904.0,0.0
23907.0,1.0
23908.0,1.0
23912.0,0.0
23916.0,1.0
23917.0,1.0
23918.0,0.0
23922.0,0.0
23928.0,0.0
23940.0,0.0
23944.0,0.0
23945.0,0.0
23947.0,1.0
23951.0,0.0
23956.0,0.0
23962.0,1.0
23966.0,1.0
23970.0,0.0
23971.0,1.0
23980.0,0.0
23987.0,1.0
23988.0,0.0
23993.0,1.0
23997.0,0.0
23998.0,0.0
23999.0,1.0
24010.0,1.0
24015.0,0.0
24023.0,0.0
24026.0,1.0
24027.0,0.0
24033.0,1.0
24046.0,1.0
24060.0,0.0
24062.0,0.0
24065.0,1.0
24067.0,1.0
24070.0,0.0
24071.0,0.0
24073.0,0.0
24082.0,1.0
24084.0,0.0
24089.0,0.0
24094.0,1.0
24096.0,0.0
24100.0,0.0
24105.0,0.0
24106.0,1.0
24108.0,0.0
24111.0,0.0
24117.0,1.0
24120.0,1.0
24125.0,1.0
24134.0,0.0
24140.0,1.0
24151.0,1.0
24153.0,0.0
24154.0,1.0
24156.0,0.0
24161.0,1.0
24162.0,0.0
24165.0,0.0
24166.0,1.0
24170.0,0.0
24173.0,1.0
24181.0,0.0
24182.0,1.0
24187.0,1.0
24188.0,0.0
24190.0,1.0
24201.0,1.0
24211.0,0.0
24215.0,0.0
24216.0,0.0
24219.0,0.0
24221.0,1.0
24222.0,1.0
24238.0,1.0
24240.0,1.0
24243.0,0.0
24245.0,1.0
24247.0,0.0
24251.0,0.0
24256.0,0.0
24258.0,0.0
24261.0,1.0
24263.0,1.0
24264.0,0.0
24266.0,1.0
24273.0,0.0
24278.0,0.0
24289.0,0.0
24292.0,1.0
24293.0,1.0
24298.0,0.0
24299.0,1.0
24303.0,0.0
24305.0,0.0
24323.0,1.0
24329.0,0.0
24341.0,0.0
24345.0,1.0
24350.0,0.0
24353.0,1.0
24358.0,0.0
24361.0,1.0
24364.0,1.0
24367.0,0.0
24370.0,1.0
24377.0,0.0
24380.0,1.0
24381.0,1.0
24387.0,0.0
24390.0,0.0
24391.0,0.0
24408.0,1.0
24409.0,0.0
24413.0,0.0
24416.0,1.0
24434.0,0.0
24439.0,0.0
24443.0,1.0
24448.0,0.0
24454.0,1.0
24455.0,0.0
24461.0,0.0
24463.0,0.0
24464.0,0.0
24468.0,0.0
24469.0,1.0
24499.0,1.0
24501.0,1.0
24508.0,0.0
24517.0,0.0
24519.0,1.0
24520.0,0.0
24538.0,1.0
24540.0,1.0
24550.0,1.0
24552.0,0.0
24561.0,1.0
24577.0,0.0
24579.0,0.0
24580.0,1.0
24582.0,1.0
24590.0,0.0
24591.0,0.0
24592.0,1.0
24599.0,0.0
24602.0,1.0
24606.0,0.0
24611.0,0.0
24612.0,0.0
24617.0,1.0
24619.0,1.0
24623.0,1.0
24630.0,1.0
24633.0,1.0
24634.0,0.0
24635.0,0.0
24638.0,0.0
24641.0,0.0
24643.0,1.0
24644.0,0.0
24645.0,1.0
24649.0,0.0
24650.0,1.0
24652.0,1.0
24655.0,0.0
24656.0,0.0
24661.0,0.0
24663.0,1.0
24667.0,0.0
24669.0,1.0
24670.0,0.0
24682.0,1.0
24695.0,0.0
24698.0,1.0
24699.0,1.0
24702.0,0.0
24703.0,0.0
24710.0,1.0
24717.0,1.0
24724.0,0.0
24728.0,0.0
24731.0,0.0
24737.0,1.0
24740.0,0.0
24743.0,1.0
24744.0,1.0
24755.0,0.0
24757.0,0.0
24761.0,1.0
24765.0,0.0
24766.0,0.0
24776.0,0.0
24787.0,1.0
24789.0,1.0
24791.0,1.0
24792.0,0.0
24804.0,0.0
24807.0,1.0
24812.0,0.0
24816.0,1.0
24817.0,0.0
24820.0,0.0
24828.0,1.0
24831.0,1.0
24832.0,0.0
24836.0,1.0
24846.0,0.0
24847.0,1.0
24848.0,0.0
24851.0,0.0
24855.0,0.0
24856.0,1.0
24871.0,1.0
24873.0,1.0
24874.0,1.0
24877.0,1.0
24885.0,0.0
24889.0,0.0
24892.0,0.0
24897.0,0.0
24899.0,1.0
24908.0,0.0
24913.0,0.0
24918.0,1.0
24923.0,0.0
24933.0,1.0
24936.0,1.0
24948.0,1.0
24951.0,0.0
24969.0,0.0
24971.0,0.0
24973.0,0.0
24993.0,1.0
24996.0,1.0
24998.0,0.0
25000.0,0.0
25001.0,0.0
25002.0,1.0
25003.0,1.0
25009.0,0.0
25024.0,1.0
25026.0,0.0
25027.0,1.0
25030.0,0.0
25037.0,1.0
25038.0,0.0
25043.0,1.0
25050.0,0.0
25055.0,0.0
25057.0,1.0
25067.0,0.0
25072.0,1.0
25075.0,1.0
25079.0,1.0
25081.0,1.0
25085.0,0.0
25086.0,0.0
25093.0,0.0
25097.0,1.0
25103.0,0.0
25104.0,0.0
25109.0,0.0
25113.0,1.0
25119.0,1.0
25121.0,0.0
25122.0,1.0
25124.0,0.0
25131.0,0.0
25134.0,1.0
25140.0,0.0
25141.0,1.0
25144.0,1.0
25147.0,0.0
25148.0,0.0
25149.0,1.0
25155.0,0.0
25169.0,1.0
25177.0,0.0
25178.0,1.0
25179.0,0.0
25180.0,0.0
25191.0,1.0
25199.0,0.0
25232.0,1.0
25241.0,0.0
25242.0,1.0
25243.0,0.0
25246.0,1.0
25259.0,1.0
25263.0,1.0
25265.0,0.0
25278.0,1.0
25280.0,0.0
25281.0,0.0
25284.0,1.0
25286.0,0.0
25288.0,1.0
25318.0,0.0
25330.0,0.0
25333.0,1.0
25337.0,1.0
25339.0,0.0
25340.0,0.0
25349.0,1.0
25351.0,1.0
25353.0,0.0
25361.0,1.0
25364.0,0.0
25366.0,0.0
25368.0,0.0
25369.0,1.0
25370.0,0.0
25375.0,0.0
25376.0,1.0
25377.0,0.0
25379.0,1.0
25382.0,1.0
25386.0,0.0
25389.0,1.0
25399.0,0.0
25400.0,0.0
25401.0,1.0
25409.0,0.0
25412.0,1.0
25416.0,0.0
25418.0,1.0
25423.0,0.0
25428.0,0.0
25436.0,1.0
25439.0,1.0
25442.0,0.0
25445.0,0.0
25446.0,1.0
25453.0,0.0
25456.0,1.0
25458.0,0.0
25460.0,1.0
25461.0,0.0
25468.0,1.0
25470.0,0.0
25471.0,0.0
25475.0,1.0
25480.0,0.0
25482.0,1.0
25501.0,0.0
25504.0,1.0
25511.0,1.0
25515.0,0.0
25516.0,0.0
25518.0,1.0
25528.0,0.0
25531.0,0.0
25533.0,0.0
25543.0,0.0
25548.0,1.0
25553.0,1.0
25564.0,1.0
25571.0,0.0
25572.0,0.0
25576.0,1.0
25577.0,1.0
25587.0,0.0
25588.0,0.0
25596.0,1.0
25598.0,1.0
25607.0,0.0
25611.0,0.0
25617.0,0.0
25618.0,1.0
25620.0,1.0
25621.0,0.0
25623.0,1.0
25626.0,0.0
25628.0,0.0
25633.0,0.0
25637.0,1.0
25644.0,1.0
25651.0,0.0
25662.0,1.0
25663.0,0.0
25673.0,1.0
25678.0,0.0
25685.0,1.0
25688.0,0.0
25691.0,1.0
25702.0,0.0
25706.0,0.0
25707.0,0.0
25710.0,1.0
25719.0,1.0
25723.0,0.0
25725.0,0.0
25731.0,1.0
25732.0,0.0
25735.0,1.0
25740.0,1.0
25761.0,0.0
25769.0,0.0
25772.0,1.0
25774.0,1.0
25779.0,0.0
25781.0,0.0
25784.0,1.0
25790.0,0.0
25796.0,1.0
25803.0,0.0
25806.0,1.0
25816.0,0.0
25830.0,1.0
25847.0,0.0
25850.0,0.0
25852.0,1.0
25856.0,0.0
25861.0,1.0
25866.0,0.0
25867.0,1.0
25868.0,0.0
25869.0,0.0
25877.0,1.0
25878.0,1.0
25890.0,0.0
25899.0,1.0
25906.0,0.0
25907.0,0.0
25913.0,0.0
25915.0,1.0
25932.0,1.0
25934.0,1.0
25938.0,0.0
25939.0,0.0
25946.0,0.0
25951.0,0.0
25959.0,1.0
25961.0,1.0
25964.0,0.0
25969.0,1.0
25978.0,1.0
25980.0,1.0
25986.0,0.0
25992.0,0.0
25998.0,1.0
26000.0,0.0
26002.0,0.0
26009.0,1.0
26016.0,1.0
26023.0,1.0
26038.0,0.0
26041.0,0.0
26043.0,0.0
26050.0,0.0
26051.0,1.0
26053.0,0.0
26057.0,1.0
26060.0,0.0
26062.0,1.0
26064.0,1.0
26068.0,0.0
26072.0,0.0
26074.0,0.0
26081.0,1.0
26108.0,0.0
26112.0,1.0
26113.0,0.0
26115.0,1.0
26122.0,1.0
26135.0,1.0
26136.0,0.0
26139.0,0.0
26147.0,0.0
26155.0,0.0
26162.0,0.0
26165.0,1.0
26173.0,0.0
26177.0,0.0
26179.0,1.0
26184.0,0.0
26190.0,1.0
26204.0,0.0
26205.0,1.0
26212.0,0.0
26215.0,1.0
26223.0,1.0
26227.0,0.0
26243.0,0.0
26246.0,0.0
26248.0,1.0
26249.0,0.0
26260.0,1.0
26267.0,0.0
26269.0,1.0
26271.0,0.0
26273.0,0.0
26282.0,1.0
26286.0,1.0
26297.0,1.0
26306.0,0.0
26309.0,1.0
26313.0,0.0
26319.0,1.0
26329.0,0.0
26330.0,0.0
26333.0,0.0
26337.0,0.0
26341.0,1.0
26361.0,0.0
26365.0,1.0
26366.0,1.0
26367.0,1.0
26376.0,0.0
26378.0,1.0
26382.0,0.0
26386.0,1.0
26389.0,1.0
26391.0,0.0
26400.0,0.0
26401.0,1.0
26407.0,1.0
26415.0,0.0
26419.0,1.0
26421.0,0.0
26422.0,0.0
26423.0,1.0
26424.0,1.0
26441.0,1.0
26442.0,0.0
26444.0,0.0
26446.0,0.0
26447.0,1.0
26451.0,1.0
26459.0,1.0
26465.0,0.0
26466.0,0.0
26474.0,0.0
26476.0,0.0
26481.0,0.0
26487.0,1.0
26501.0,0.0
26503.0,0.0
26513.0,1.0
26517.0,1.0
26527.0,0.0
26535.0,1.0
26545.0,0.0
26550.0,0.0
26558.0,1.0
26571.0,0.0
26572.0,1.0
26573.0,0.0
26575.0,0.0
26578.0,1.0
26583.0,0.0
26584.0,0.0
26590.0,0.0
26593.0,0.0
26602.0,1.0
26606.0,1.0
26608.0,0.0
26613.0,0.0
26615.0,0.0
26616.0,0.0
26618.0,0.0
26619.0,0.0
26628.0,1.0
26630.0,0.0
26635.0,1.0
26645.0,0.0
26648.0,0.0
26651.0,0.0
26653.0,0.0
26660.0,1.0
26663.0,1.0
26664.0,1.0
26665.0,1.0
26667.0,0.0
26673.0,0.0
26676.0,1.0
26677.0,1.0
26679.0,0.0
26687.0,1.0
26689.0,1.0
26697.0,0.0
26732.0,0.0
26737.0,1.0
26747.0,1.0
26748.0,1.0
26749.0,0.0
26754.0,0.0
26759.0,1.0
26760.0,1.0
26765.0,0.0
26771.0,0.0
26776.0,0.0
26778.0,0.0
26780.0,1.0
26783.0,0.0
26785.0,1.0
26800.0,0.0
26804.0,1.0
26812.0,0.0
26816.0,1.0
26823.0,0.0
26830.0,0.0
26834.0,0.0
26836.0,0.0
26841.0,1.0
26845.0,0.0
26854.0,1.0
26858.0,1.0
26860.0,0.0
26866.0,1.0
26871.0,0.0
26873.0,1.0
26891.0,1.0
26905.0,1.0
26907.0,1.0
26920.0,0.0
26924.0,0.0
26930.0,0.0
26941.0,1.0
26942.0,1.0
26944.0,0.0
26949.0,1.0
26952.0,0.0
26956.0,0.0
26973.0,0.0
26977.0,1.0
26989.0,0.0
26993.0,1.0
26997.0,0.0
26999.0,1.0
27013.0,0.0
27021.0,0.0
27023.0,1.0
27025.0,1.0
27027.0,1.0
27031.0,0.0
27032.0,1.0
27034.0,1.0
27036.0,1.0
27045.0,0.0
27050.0,0.0
27051.0,0.0
27055.0,0.0
27056.0,1.0
27057.0,1.0
27060.0,0.0
27061.0,1.0
27066.0,0.0
27070.0,1.0
27073.0,0.0
27077.0,0.0
27085.0,0.0
27086.0,1.0
27099.0,0.0
27105.0,0.0
27109.0,0.0
27125.0,1.0
27135.0,0.0
27139.0,1.0
27140.0,0.0
27141.0,0.0
27142.0,1.0
27144.0,0.0
27148.0,1.0
27154.0,1.0
27160.0,0.0
27162.0,0.0
27175.0,1.0
27176.0,0.0
27177.0,1.0
27178.0,1.0
27197.0,1.0
27204.0,1.0
27205.0,0.0
27206.0,0.0
27207.0,0.0
27208.0,1.0
27216.0,0.0
27224.0,1.0
27230.0,0.0
27234.0,0.0
27238.0,1.0
27241.0,1.0
27249.0,0.0
27251.0,1.0
27252.0,0.0
27256.0,1.0
27257.0,0.0
27263.0,1.0
27268.0,0.0
27269.0,1.0
27271.0,0.0
27279.0,1.0
27288.0,1.0
27295.0,0.0
27299.0,1.0
27302.0,0.0
27304.0,0.0
27316.0,0.0
27318.0,0.0
27330.0,0.0
27333.0,0.0
27335.0,0.0
27336.0,0.0
27339.0,0.0
27341.0,1.0
27345.0,0.0
27347.0,0.0
27354.0,1.0
27361.0,1.0
27375.0,1.0
27387.0,1.0
27390.0,1.0
27392.0,0.0
27399.0,0.0
27403.0,1.0
27410.0,1.0
27412.0,0.0
27413.0,1.0
27423.0,0.0
27427.0,0.0
27429.0,0.0
27432.0,1.0
27436.0,1.0
27437.0,1.0
27441.0,1.0
27444.0,1.0
27448.0,0.0
27454.0,1.0
27455.0,1.0
27459.0,0.0
27465.0,0.0
27468.0,0.0
27477.0,1.0
27478.0,0.0
27479.0,0.0
27481.0,0.0
27483.0,0.0
27486.0,0.0
27498.0,1.0
27505.0,1.0
27507.0,1.0
27509.0,0.0
27514.0,1.0
27517.0,1.0
27527.0,1.0
27535.0,0.0
27544.0,0.0
27545.0,1.0
27556.0,0.0
27563.0,0.0
27565.0,1.0
27569.0,1.0
27584.0,0.0
27585.0,0.0
27589.0,1.0
27592.0,0.0
27600.0,1.0
27605.0,1.0
27608.0,1.0
27609.0,1.0
27611.0,0.0
27621.0,1.0
27626.0,1.0
27628.0,1.0
27629.0,0.0
27645.0,0.0
27651.0,0.0
27654.0,0.0
27656.0,1.0
27663.0,1.0
27667.0,1.0
27673.0,0.0
27677.0,1.0
27678.0,0.0
27680.0,0.0
27681.0,0.0
27684.0,0.0
27688.0,0.0
27696.0,0.0
27705.0,1.0
27706.0,0.0
27707.0,0.0
27709.0,1.0
27720.0,0.0
27722.0,0.0
27724.0,1.0
27733.0,0.0
27734.0,0.0
27739.0,0.0
27748.0,1.0
27755.0,1.0
27757.0,0.0
27777.0,0.0
27783.0,0.0
27795.0,1.0
27805.0,0.0
27810.0,1.0
27811.0,1.0
27815.0,0.0
27820.0,0.0
27823.0,1.0
27825.0,0.0
27830.0,1.0
27853.0,0.0
27855.0,1.0
27856.0,0.0
27865.0,1.0
27868.0,0.0
27873.0,1.0
27883.0,1.0
27885.0,1.0
27887.0,0.0
27899.0,0.0
27921.0,0.0
27924.0,1.0
27927.0,0.0
27929.0,1.0
27932.0,0.0
27943.0,0.0
27945.0,1.0
27952.0,0.0
27957.0,1.0
27960.0,0.0
27966.0,0.0
27968.0,1.0
27980.0,1.0
27984.0,1.0
27993.0,1.0
27994.0,1.0
27995.0,1.0
28002.0,1.0
28004.0,0.0
28006.0,1.0
28015.0,0.0
28028.0,0.0
28042.0,0.0
28043.0,0.0
28055.0,0.0
28061.0,0.0
28063.0,1.0
28077.0,1.0
28089.0,1.0
28093.0,1.0
28096.0,1.0
28098.0,0.0
28099.0,1.0
28110.0,1.0
28111.0,1.0
28115.0,0.0
28123.0,0.0
28125.0,0.0
28126.0,0.0
28129.0,1.0
28131.0,1.0
28139.0,1.0
28145.0,1.0
28146.0,0.0
28147.0,0.0
28153.0,0.0
28155.0,0.0
28160.0,0.0
28166.0,0.0
28167.0,0.0
28169.0,0.0
28176.0,0.0
28181.0,1.0
28184.0,0.0
28185.0,0.0
28187.0,1.0
28189.0,1.0
28193.0,1.0
28195.0,1.0
28203.0,0.0
28206.0,0.0
28209.0,1.0
28210.0,0.0
28211.0,0.0
28216.0,1.0
28223.0,0.0
28224.0,0.0
28234.0,0.0
28235.0,1.0
28248.0,1.0
28255.0,0.0
28266.0,0.0
28286.0,1.0
28288.0,1.0
28289.0,1.0
28290.0,1.0
28300.0,1.0
28306.0,1.0
28307.0,0.0
28309.0,0.0
28312.0,1.0
28323.0,0.0
28327.0,1.0
28336.0,1.0
28345.0,0.0
28355.0,0.0
28361.0,1.0
28362.0,1.0
28365.0,1.0
28371.0,1.0
28374.0,0.0
28377.0,0.0
28380.0,1.0
28381.0,1.0
28382.0,0.0
28385.0,0.0
28393.0,0.0
28394.0,0.0
28405.0,0.0
28413.0,0.0
28426.0,1.0
28428.0,0.0
28429.0,0.0
28431.0,1.0
28442.0,1.0
28445.0,0.0
28449.0,1.0
28457.0,0.0
28462.0,0.0
28465.0,0.0
28470.0,0.0
28478.0,1.0
28490.0,0.0
28492.0,1.0
28500.0,1.0
28504.0,0.0
28509.0,1.0
28513.0,0.0
28516.0,0.0
28519.0,0.0
28524.0,0.0
28526.0,0.0
28527.0,0.0
28528.0,0.0
28533.0,0.0
28547.0,0.0
28548.0,0.0
28551.0,1.0
28563.0,0.0
28564.0,1.0
28566.0,0.0
28568.0,1.0
28579.0,0.0
28580.0,1.0
28589.0,0.0
28590.0,0.0
28606.0,1.0
28613.0,0.0
28615.0,0.0
28629.0,1.0
28633.0,1.0
28635.0,0.0
28646.0,1.0
28648.0,1.0
28651.0,1.0
28660.0,0.0
28681.0,0.0
28683.0,1.0
28688.0,0.0
28693.0,0.0
28696.0,1.0
28703.0,1.0
28712.0,0.0
28718.0,0.0
28719.0,1.0
28727.0,0.0
28730.0,1.0
28732.0,1.0
28740.0,0.0
28747.0,1.0
28752.0,0.0
28757.0,1.0
28764.0,0.0
28765.0,1.0
28770.0,1.0
28772.0,0.0
28775.0,1.0
28783.0,1.0
28786.0,0.0
28796.0,1.0
28806.0,0.0
28807.0,1.0
28815.0,0.0
28818.0,0.0
28820.0,0.0
28823.0,0.0
28824.0,0.0
28831.0,1.0
28834.0,1.0
28841.0,0.0
28845.0,1.0
28848.0,1.0
28850.0,0.0
28871.0,1.0
28880.0,0.0
28882.0,1.0
28884.0,0.0
28904.0,1.0
28906.0,1.0
28907.0,0.0
28919.0,1.0
28928.0,0.0
28935.0,0.0
28936.0,0.0
28945.0,0.0
28950.0,0.0
28957.0,0.0
28963.0,1.0
28974.0,0.0
28980.0,0.0
28988.0,1.0
28990.0,0.0
28999.0,1.0
29001.0,0.0
29004.0,1.0
29006.0,0.0
29012.0,1.0
29018.0,0.0
29027.0,1.0
29030.0,1.0
29032.0,1.0
29039.0,0.0
29043.0,0.0
29052.0,0.0
29056.0,1.0
29060.0,0.0
29064.0,0.0
29068.0,1.0
29069.0,0.0
29074.0,0.0
29076.0,0.0
29078.0,1.0
29081.0,0.0
29085.0,1.0
29091.0,1.0
29092.0,0.0
29094.0,1.0
29108.0,0.0
29110.0,0.0
29114.0,0.0
29115.0,0.0
29118.0,0.0
29125.0,1.0
29127.0,0.0
29130.0,1.0
29140.0,1.0
29150.0,0.0
29152.0,0.0
29153.0,1.0
29155.0,1.0
29161.0,1.0
29165.0,0.0
29167.0,1.0
29173.0,1.0
29174.0,0.0
29180.0,1.0
29185.0,1.0
29190.0,0.0
29192.0,0.0
29193.0,1.0
29194.0,1.0
29199.0,0.0
29220.0,0.0
29231.0,0.0
29234.0,0.0
29237.0,1.0
29240.0,1.0
29247.0,1.0
29256.0,0.0
29275.0,0.0
29278.0,1.0
29280.0,1.0
29286.0,0.0
29288.0,1.0
29305.0,0.0
29327.0,0.0
29329.0,1.0
29331.0,0.0
29333.0,0.0
29335.0,1.0
29342.0,1.0
29344.0,1.0
29352.0,0.0
29358.0,0.0
29360.0,1.0
29362.0,0.0
29373.0,1.0
29389.0,1.0
29392.0,1.0
29393.0,1.0
29395.0,1.0
29401.0,0.0
29403.0,0.0
29405.0,1.0
29410.0,1.0
29420.0,1.0
29427.0,1.0
29429.0,1.0
29432.0,0.0
29440.0,1.0
29447.0,1.0
29448.0,1.0
29452.0,1.0
29455.0,0.0
29461.0,0.0
29466.0,1.0
29474.0,0.0
29476.0,0.0
29479.0,1.0
29486.0,0.0
29494.0,0.0
29497.0,1.0
29505.0,0.0
29516.0,0.0
29522.0,0.0
29523.0,0.0
29524.0,0.0
29529.0,1.0
29532.0,0.0
29533.0,1.0
29548.0,0.0
29551.0,0.0
29562.0,0.0
29563.0,0.0
29574.0,0.0
29575.0,1.0
29592.0,0.0
29601.0,0.0
29608.0,1.0
29613.0,0.0
29620.0,1.0
29630.0,1.0
29637.0,1.0
29638.0,1.0
29643.0,0.0
29648.0,0.0
29651.0,0.0
29657.0,1.0
29659.0,0.0
29662.0,1.0
29663.0,0.0
29665.0,0.0
29671.0,0.0
29699.0,1.0
29700.0,1.0
29706.0,0.0
29715.0,0.0
29716.0,1.0
29717.0,0.0
29721.0,1.0
29731.0,0.0
29732.0,1.0
29735.0,0.0
29738.0,1.0
29739.0,0.0
29742.0,1.0
29747.0,0.0
29749.0,1.0
29754.0,0.0
29765.0,0.0
29773.0,1.0
29777.0,0.0
29779.0,1.0
29783.0,1.0
29786.0,1.0
29805.0,1.0
29808.0,0.0
29811.0,1.0
29812.0,0.0
29815.0,0.0
29819.0,1.0
29827.0,1.0
29833.0,0.0
29847.0,0.0
29854.0,0.0
29856.0,0.0
29859.0,0.0
29864.0,0.0
29865.0,1.0
29867.0,1.0
29879.0,0.0
29884.0,0.0
29885.0,0.0
29894.0,1.0
29897.0,0.0
29900.0,1.0
29910.0,1.0
29926.0,0.0
29928.0,1.0
29930.0,0.0
29935.0,1.0
29942.0,1.0
29951.0,1.0
29953.0,1.0
29962.0,0.0
29968.0,0.0
29980.0,0.0
29982.0,0.0
29987.0,0.0
29993.0,0.0
30001.0,1.0
30005.0,1.0
30015.0,1.0
30030.0,0.0
30034.0,1.0
30041.0,0.0
30044.0,1.0
30058.0,0.0
30061.0,0.0
30062.0,0.0
30064.0,0.0
30065.0,0.0
30069.0,0.0
30074.0,1.0
30076.0,0.0
30080.0,1.0
30087.0,1.0
30092.0,1.0
30093.0,0.0
30096.0,0.0
30097.0,1.0
30098.0,0.0
30102.0,1.0
30106.0,0.0
30108.0,1.0
30110.0,1.0
30111.0,1.0
30122.0,0.0
30128.0,0.0
30130.0,0.0
30131.0,1.0
30135.0,0.0
30137.0,0.0
30149.0,1.0
30157.0,0.0
30162.0,1.0
30170.0,1.0
30174.0,0.0
30185.0,0.0
30195.0,0.0
30196.0,1.0
30204.0,0.0
30207.0,1.0
30209.0,0.0
30212.0,1.0
30216.0,0.0
30221.0,0.0
30225.0,0.0
30229.0,1.0
30231.0,1.0
30232.0,0.0
30233.0,1.0
30237.0,1.0
30239.0,0.0
30242.0,0.0
30244.0,1.0
30249.0,0.0
30262.0,1.0
30265.0,0.0
30266.0,1.0
30281.0,0.0
30286.0,0.0
30292.0,1.0
30303.0,1.0
30320.0,0.0
30321.0,1.0
30322.0,0.0
30328.0,1.0
30355.0,0.0
30356.0,1.0
30372.0,1.0
30375.0,0.0
30376.0,0.0
30379.0,0.0
30384.0,1.0
30386.0,1.0
30387.0,0.0
30394.0,0.0
30395.0,0.0
30396.0,1.0
30402.0,0.0
30405.0,1.0
30411.0,0.0
30413.0,1.0
30416.0,0.0
30420.0,0.0
30422.0,1.0
30432.0,1.0
30434.0,0.0
30438.0,0.0
30444.0,0.0
30447.0,1.0
30455.0,0.0
30457.0,0.0
30459.0,0.0
30463.0,0.0
30468.0,1.0
30477.0,0.0
30478.0,1.0
30481.0,0.0
30482.0,1.0
30487.0,0.0
30491.0,1.0
30492.0,1.0
30496.0,0.0
30501.0,1.0
30506.0,1.0
30511.0,1.0
30513.0,1.0
30516.0,0.0
30520.0,0.0
30531.0,1.0
30542.0,0.0
30543.0,1.0
30555.0,1.0
30557.0,0.0
30568.0,1.0
30570.0,0.0
30581.0,1.0
30584.0,1.0
30591.0,0.0
30594.0,1.0
30614.0,0.0
30617.0,1.0
30618.0,1.0
30626.0,0.0
30630.0,1.0
30631.0,0.0
30632.0,0.0
30634.0,0.0
30637.0,1.0
30639.0,0.0
30647.0,0.0
30649.0,1.0
30656.0,1.0
30660.0,0.0
30665.0,0.0
30669.0,0.0
30681.0,0.0
30682.0,0.0
30683.0,1.0
30687.0,0.0
30688.0,1.0
30694.0,1.0
